,0,45,90,135,label
0,0.7499961778594868,0.7499961703798027,0.7499961778594868,0.7499961703798027,gl
1,1.0,1.0,1.0,1.0,gl
2,0.7499961778594868,0.7499961703798027,0.7499961778594868,0.7499961703798027,gl
3,0.7499923557628005,0.8749932981683213,0.7499923557628005,0.749992340803604,gl
4,0.7499961778594868,0.7499961703798027,0.7499961778594868,0.7499961703798027,gl
5,0.7499961778594868,0.7499961703798027,0.7499961778594868,0.7499961703798027,gl
6,0.7499961778594868,0.7499961703798027,0.7499961778594868,0.7499961703798027,gl
7,1.0,1.0,1.0,1.0,gl
8,1.0,1.0,1.0,1.0,gl
9,0.7499961778594868,0.7499961703798027,0.7499961778594868,0.7499961703798027,gl
10,0.7499961778594868,0.7499961703798027,0.7499961778594868,0.7499961703798027,gl
11,0.7499923557628005,0.749992340803604,0.7499923557628005,0.749992340803604,gl
12,1.0,1.0,1.0,1.0,gl
13,0.7499847117009086,0.7499846817832025,0.8124856671301216,0.7499846817832025,gl
14,0.8749933112577541,0.749992340803604,0.7499923557628005,0.749992340803604,gl
15,0.7499961778594868,0.7499961703798027,0.7499961778594868,0.7499961703798027,gl
16,0.7499961778594868,0.7499961703798027,0.7499961778594868,0.7499961703798027,gl
17,0.7499961778594868,0.7499961703798027,0.7499961778594868,0.7499961703798027,gl
18,0.7499923557628005,0.749992340803604,0.7499923557628005,0.749992340803604,gl
19,0.8749933112577541,0.749992340803604,0.7499923557628005,0.749992340803604,gl
20,0.7499961778594868,0.7499961703798027,0.7499961778594868,0.7499961703798027,gl
21,1.0,1.0,1.0,1.0,gl
22,1.0,1.0,1.0,1.0,gl
23,0.7499961778594868,0.7499961703798027,0.7499961778594868,0.7499961703798027,gl
24,1.0,1.0,1.0,1.0,gl
25,0.7499961778594868,0.7499961703798027,0.7499961778594868,0.7499961703798027,gl
26,0.7499961778594868,0.7499961703798027,0.7499961778594868,0.7499961703798027,gl
27,0.7499961778594868,0.7499961703798027,0.7499961778594868,0.7499961703798027,gl
28,0.8749933112577541,0.749992340803604,0.7499923557628005,0.749992340803604,gl
29,0.7499923557628005,0.749992340803604,0.7499923557628005,0.749992340803604,gl
30,0.749988533709941,0.749988511271404,0.8333228225053577,0.749988511271404,gl
31,0.7499923557628005,0.749992340803604,0.8749933112577541,0.749992340803604,gl
32,1.0,1.0,1.0,1.0,gl
33,0.9166571113409491,0.749988511271404,0.749988533709941,0.749988511271404,gl
34,0.7499961778594868,0.7499961703798027,0.7499961778594868,0.7499961703798027,gl
35,0.749988533709941,0.749988511271404,0.8333228225053577,0.749988511271404,gl
36,0.7499961778594868,0.7499961703798027,0.7499961778594868,0.7499961703798027,gl
37,0.7499923557628005,0.749992340803604,0.8749933112577541,0.749992340803604,gl
38,0.7499732459367746,0.7499731935825918,0.8214037280667233,0.7499731935825918,gl
39,0.7499961778594868,0.7499961703798027,0.7499961778594868,0.7499961703798027,gl
40,0.8749933112577541,0.749992340803604,0.7499923557628005,0.749992340803604,gl
41,1.0,1.0,1.0,1.0,gl
42,0.7499961778594868,0.7499961703798027,0.7499961778594868,0.7499961703798027,gl
43,0.8333228225053577,0.749988511271404,0.8333228225053577,0.8333228019364555,gl
44,0.7499961778594868,0.7499961703798027,0.7499961778594868,0.7499961703798027,gl
45,1.0,1.0,1.0,1.0,gl
46,0.7499961778594868,0.7499961703798027,0.7499961778594868,0.7499961703798027,gl
47,0.7499961778594868,0.7499961703798027,0.7499961778594868,0.7499961703798027,gl
48,1.0,1.0,1.0,1.0,gl
49,1.0,1.0,1.0,1.0,gl
50,0.7499961778594868,0.7499961703798027,0.7499961778594868,0.7499961703798027,gl
51,0.7499961778594868,0.7499961703798027,0.7499961778594868,0.7499961703798027,gl
52,0.8333228225053577,0.749988511271404,0.8333228225053577,0.8333228019364555,gl
53,0.7499961778594868,0.7499961703798027,0.7499961778594868,0.7499961703798027,gl
54,1.0,1.0,1.0,1.0,gl
55,0.7499961778594868,0.7499961703798027,0.7499961778594868,0.7499961703798027,gl
56,0.8749933112577541,0.749992340803604,0.7499923557628005,0.749992340803604,gl
57,0.7499923557628005,0.749992340803604,0.8749933112577541,0.749992340803604,gl
58,0.7499961778594868,0.7499961703798027,0.7499961778594868,0.7499961703798027,gl
59,1.0,1.0,1.0,1.0,gl
60,0.8749933112577541,0.749992340803604,0.7499923557628005,0.749992340803604,gl
61,0.7499961778594868,0.7499961703798027,0.7499961778594868,0.7499961703798027,gl
62,0.7499923557628005,0.749992340803604,0.8749933112577541,0.749992340803604,gl
63,0.7499961778594868,0.7499961703798027,0.7499961778594868,0.7499961703798027,gl
64,0.7499961778594868,0.7499961703798027,0.7499961778594868,0.7499961703798027,gl
65,0.7499961778594868,0.7499961703798027,0.7499961778594868,0.7499961703798027,gl
66,0.7499961778594868,0.7499961703798027,0.7499961778594868,0.7499961703798027,gl
67,0.8333228225053577,0.749988511271404,0.749988533709941,0.749988511271404,gl
68,0.7499961778594868,0.7499961703798027,0.7499961778594868,0.7499961703798027,gl
69,0.7499961778594868,0.7499961703798027,0.7499961778594868,0.7499961703798027,gl
70,1.0,1.0,1.0,1.0,gl
71,1.0,1.0,1.0,1.0,gl
72,0.7499961778594868,0.7499961703798027,0.7499961778594868,0.7499961703798027,gl
73,0.8749933112577541,0.749992340803604,0.7499923557628005,0.749992340803604,gl
74,1.0,1.0,1.0,1.0,gl
75,1.0,1.0,1.0,1.0,gl
76,0.7499961778594868,0.7499961703798027,0.7499961778594868,0.7499961703798027,gl
77,1.0,1.0,1.0,1.0,gl
78,0.7499961778594868,0.7499961703798027,0.7499961778594868,0.7499961703798027,gl
79,0.7499961778594868,0.7499961703798027,0.7499961778594868,0.7499961703798027,gl
80,0.7499961778594868,0.7499961703798027,0.7499961778594868,0.7499961703798027,gl
81,0.7499923557628005,0.749992340803604,0.8749933112577541,0.749992340803604,gl
82,0.7499961778594868,0.7499961703798027,0.7499961778594868,0.7499961703798027,gl
83,1.0,1.0,1.0,1.0,gl
84,0.7499961778594868,0.7499961703798027,0.7499961778594868,0.7499961703798027,gl
85,0.7499923557628005,0.749992340803604,0.8749933112577541,0.749992340803604,gl
86,0.7499961778594868,0.7499961703798027,0.7499961778594868,0.7499961703798027,gl
87,0.8749933112577541,0.749992340803604,0.7499923557628005,0.749992340803604,gl
88,0.7499923557628005,0.749992340803604,0.7499923557628005,0.749992340803604,gl
89,0.7499961778594868,0.7499961703798027,0.7499961778594868,0.7499961703798027,gl
90,1.0,1.0,1.0,1.0,gl
91,0.8749933112577541,0.749992340803604,0.7499923557628005,0.749992340803604,gl
92,0.7499961778594868,0.7499961703798027,0.7499961778594868,0.7499961703798027,gl
93,0.7499961778594868,0.7499961703798027,0.7499961778594868,0.7499961703798027,gl
94,0.7499961778594868,0.7499961703798027,0.7499961778594868,0.7499961703798027,gl
95,0.7499961778594868,0.7499961703798027,0.7499961778594868,0.7499961703798027,gl
96,1.0,1.0,1.0,1.0,gl
97,0.7499961778594868,0.7499961703798027,0.7499961778594868,0.7499961703798027,gl
98,1.0,1.0,1.0,1.0,gl
99,0.7499961778594868,0.7499961703798027,0.7499961778594868,0.7499961703798027,gl
100,0.7499961778594868,0.7499961703798027,0.7499961778594868,0.7499961703798027,gl
101,0.7499923557628005,0.749992340803604,0.7499923557628005,0.749992340803604,gl
102,0.7499961778594868,0.7499961703798027,0.7499961778594868,0.7499961703798027,gl
103,0.7499961778594868,0.7499961703798027,0.7499961778594868,0.7499961703798027,gl
104,0.7499961778594868,0.7499961703798027,0.7499961778594868,0.7499961703798027,gl
105,0.7499961778594868,0.7499961703798027,0.7499961778594868,0.7499961703798027,gl
106,0.7499923557628005,0.749992340803604,0.7499923557628005,0.749992340803604,gl
107,0.7499961778594868,0.7499961703798027,0.7499961778594868,0.7499961703798027,gl
108,0.7499961778594868,0.7499961703798027,0.7499961778594868,0.7499961703798027,gl
109,0.8749933112577541,0.749992340803604,0.7499923557628005,0.749992340803604,gl
110,0.8333228225053577,0.749988511271404,0.749988533709941,0.749988511271404,gl
111,0.7499961778594868,0.7499961703798027,0.7499961778594868,0.7499961703798027,gl
112,0.749988533709941,0.749988511271404,0.8333228225053577,0.749988511271404,gl
113,0.7499961778594868,0.7499961703798027,0.7499961778594868,0.7499961703798027,gl
114,0.7499961778594868,0.7499961703798027,0.7499961778594868,0.7499961703798027,gl
115,0.7499961778594868,0.7499961703798027,0.7499961778594868,0.7499961703798027,gl
116,0.7499961778594868,0.7499961703798027,0.7499961778594868,0.7499961703798027,gl
117,0.7499961778594868,0.7499961703798027,0.7499961778594868,0.7499961703798027,gl
118,1.0,1.0,1.0,1.0,gl
119,0.7499961778594868,0.7499961703798027,0.7499961778594868,0.7499961703798027,gl
120,0.7499961778594868,0.7499961703798027,0.7499961778594868,0.7499961703798027,gl
121,0.7499961778594868,0.7499961703798027,0.7499961778594868,0.7499961703798027,gl
122,1.0,1.0,1.0,1.0,gl
123,1.0,1.0,1.0,1.0,gl
124,1.0,1.0,1.0,1.0,gl
125,1.0,1.0,1.0,1.0,gl
126,0.7499961778594868,0.7499961703798027,0.7499961778594868,0.7499961703798027,gl
127,1.0,1.0,1.0,1.0,gl
128,0.8749933112577541,0.749992340803604,0.7499923557628005,0.749992340803604,gl
129,0.7499961778594868,0.7499961703798027,0.7499961778594868,0.7499961703798027,gl
130,0.8333228225053577,0.749988511271404,0.749988533709941,0.749988511271404,gl
131,1.0,1.0,1.0,1.0,gl
132,0.7499961778594868,0.7499961703798027,0.7499961778594868,0.7499961703798027,gl
133,1.0,1.0,1.0,1.0,gl
134,0.7499961778594868,0.7499961703798027,0.7499961778594868,0.7499961703798027,gl
135,1.0,1.0,1.0,1.0,gl
136,1.0,1.0,1.0,1.0,gl
137,0.7499961778594868,0.7499961703798027,0.7499961778594868,0.7499961703798027,gl
138,0.7499961778594868,0.7499961703798027,0.7499961778594868,0.7499961703798027,gl
139,0.7499961778594868,0.7499961703798027,0.7499961778594868,0.7499961703798027,gl
140,0.8749933112577541,0.749992340803604,0.7499923557628005,0.749992340803604,gl
141,0.7499961778594868,0.7499961703798027,0.7499961778594868,0.7499961703798027,gl
142,0.7499847117009086,0.7499846817832025,0.7499847117009086,0.7499846817832025,gl
143,0.7499961778594868,0.7499961703798027,0.7499961778594868,0.7499961703798027,gl
144,1.0,1.0,1.0,1.0,gl
145,1.0,1.0,1.0,1.0,gl
146,0.7499961778594868,0.7499961703798027,0.7499961778594868,0.7499961703798027,gl
147,0.7499961778594868,0.7499961703798027,0.7499961778594868,0.7499961703798027,gl
148,0.7499961778594868,0.7499961703798027,0.7499961778594868,0.7499961703798027,gl
149,0.7499961778594868,0.7499961703798027,0.7499961778594868,0.7499961703798027,gl
150,0.7499961778594868,0.7499961703798027,0.7499961778594868,0.7499961703798027,gl
151,1.0,1.0,1.0,1.0,gl
152,0.7499961778594868,0.7499961703798027,0.7499961778594868,0.7499961703798027,gl
153,1.0,1.0,1.0,1.0,gl
154,1.0,1.0,1.0,1.0,gl
155,0.7499961778594868,0.7499961703798027,0.7499961778594868,0.7499961703798027,gl
156,0.7499961778594868,0.7499961703798027,0.7499961778594868,0.7499961703798027,gl
157,0.7499923557628005,0.749992340803604,0.7499923557628005,0.749992340803604,gl
158,1.0,1.0,1.0,1.0,gl
159,1.0,1.0,1.0,1.0,gl
160,1.0,1.0,1.0,1.0,gl
161,0.7499961778594868,0.7499961703798027,0.7499961778594868,0.7499961703798027,gl
162,0.7499961778594868,0.7499961703798027,0.7499961778594868,0.7499961703798027,gl
163,0.7499961778594868,0.7499961703798027,0.7499961778594868,0.7499961703798027,gl
164,0.7499961778594868,0.7499961703798027,0.7499961778594868,0.7499961703798027,gl
165,1.0,1.0,1.0,1.0,gl
166,0.7499923557628005,0.8749932981683213,0.7499923557628005,0.749992340803604,gl
167,1.0,1.0,1.0,1.0,gl
168,0.7499961778594868,0.7499961703798027,0.7499961778594868,0.7499961703798027,gl
169,0.7499961778594868,0.7499961703798027,0.7499961778594868,0.7499961703798027,gl
170,0.8749933112577541,0.749992340803604,0.7499923557628005,0.749992340803604,gl
171,0.7499961778594868,0.7499961703798027,0.7499961778594868,0.7499961703798027,gl
172,1.0,1.0,1.0,1.0,gl
173,0.7499961778594868,0.7499961703798027,0.7499961778594868,0.7499961703798027,gl
174,1.0,1.0,1.0,1.0,gl
175,1.0,1.0,1.0,1.0,gl
176,0.7499961778594868,0.7499961703798027,0.7499961778594868,0.7499961703798027,gl
177,0.7499961778594868,0.7499961703798027,0.7499961778594868,0.7499961703798027,gl
178,0.7499961778594868,0.7499961703798027,0.7499961778594868,0.7499961703798027,gl
179,0.7499961778594868,0.7499961703798027,0.7499961778594868,0.7499961703798027,gl
180,0.8749933112577541,0.749992340803604,0.7499923557628005,0.749992340803604,gl
181,0.7499961778594868,0.7499961703798027,0.7499961778594868,0.7499961703798027,gl
182,1.0,1.0,1.0,1.0,gl
183,0.7499961778594868,0.7499961703798027,0.7499961778594868,0.7499961703798027,gl
184,0.7499923557628005,0.749992340803604,0.7499923557628005,0.749992340803604,gl
185,1.0,1.0,1.0,1.0,gl
186,0.7499923557628005,0.749992340803604,0.7499923557628005,0.749992340803604,gl
187,1.0,1.0,1.0,1.0,gl
188,0.7499923557628005,0.749992340803604,0.8749933112577541,0.749992340803604,gl
189,1.0,1.0,1.0,1.0,gl
190,0.7499961778594868,0.7499961703798027,0.7499961778594868,0.7499961703798027,gl
191,1.0,1.0,1.0,1.0,gl
192,0.7499961778594868,0.7499961703798027,0.7499961778594868,0.7499961703798027,gl
193,1.0,1.0,1.0,1.0,gl
194,0.7812203794007814,0.7499693642703863,0.8124713347386872,0.7499693642703863,gl
195,0.7499961778594868,0.7499961703798027,0.7499961778594868,0.7499961703798027,gl
196,1.0,1.0,1.0,1.0,gl
197,0.7499847117009086,0.7499846817832025,0.7499847117009086,0.7499846817832025,gl
198,1.0,1.0,1.0,1.0,gl
199,1.0,1.0,1.0,1.0,gl
200,1.0,1.0,1.0,1.0,gl
201,1.0,1.0,1.0,1.0,gl
202,1.0,1.0,1.0,1.0,gl
203,0.7499961778594868,0.7499961703798027,0.7499961778594868,0.7499961703798027,gl
204,1.0,1.0,1.0,1.0,gl
205,1.0,1.0,1.0,1.0,gl
206,1.0,1.0,1.0,1.0,gl
207,1.0,1.0,1.0,1.0,gl
208,1.0,1.0,1.0,1.0,gl
209,0.7499961778594868,0.7499961703798027,0.7499961778594868,0.7499961703798027,gl
210,0.8749933112577541,0.749992340803604,0.7499923557628005,0.749992340803604,gl
211,0.7499961778594868,0.7499961703798027,0.7499961778594868,0.7499961703798027,gl
212,0.8749933112577541,0.749992340803604,0.7499923557628005,0.749992340803604,gl
213,0.7499961778594868,0.7499961703798027,0.7499961778594868,0.7499961703798027,gl
214,0.8749933112577541,0.749992340803604,0.7499923557628005,0.749992340803604,gl
215,1.0,1.0,1.0,1.0,gl
216,0.7499961778594868,0.7499961703798027,0.7499961778594868,0.7499961703798027,gl
217,1.0,1.0,1.0,1.0,gl
218,1.0,1.0,1.0,1.0,gl
219,0.7499961778594868,0.7499961703798027,0.7499961778594868,0.7499961703798027,gl
220,0.8749933112577541,0.749992340803604,0.7499923557628005,0.749992340803604,gl
221,0.7499961778594868,0.7499961703798027,0.7499961778594868,0.7499961703798027,gl
222,0.7499961778594868,0.7499961703798027,0.7499961778594868,0.7499961703798027,gl
223,0.7499961778594868,0.7499961703798027,0.7499961778594868,0.7499961703798027,gl
224,0.749988533709941,0.749988511271404,0.749988533709941,0.749988511271404,gl
225,0.7499923557628005,0.749992340803604,0.7499923557628005,0.749992340803604,gl
226,1.0,1.0,1.0,1.0,gl
227,0.7499961778594868,0.7499961703798027,0.7499961778594868,0.7499961703798027,gl
228,0.7499961778594868,0.7499961703798027,0.7499961778594868,0.7499961703798027,gl
229,0.7499961778594868,0.7499961703798027,0.7499961778594868,0.7499961703798027,gl
230,1.0,1.0,1.0,1.0,gl
231,0.7499961778594868,0.7499961703798027,0.7499961778594868,0.7499961703798027,gl
232,0.8749933112577541,0.749992340803604,0.7499923557628005,0.749992340803604,gl
233,0.7499961778594868,0.7499961703798027,0.7499961778594868,0.7499961703798027,gl
234,1.0,1.0,1.0,1.0,gl
235,0.7499770678143253,0.7499770229387965,0.7499770678143253,0.7916446468381834,gl
236,0.7812203794007814,0.7499693642703863,0.8749732455350248,0.7812203214371074,gl
237,0.7499923557628005,0.749992340803604,0.7499923557628005,0.749992340803604,gl
238,1.0,1.0,1.0,1.0,gl
239,0.7499961778594868,0.7499961703798027,0.7499961778594868,0.7499961703798027,gl
240,0.7499923557628005,0.749992340803604,0.7499923557628005,0.749992340803604,gl
241,0.7499961778594868,0.7499961703798027,0.7499961778594868,0.7499961703798027,gl
242,0.7499961778594868,0.7499961703798027,0.7499961778594868,0.7499961703798027,gl
243,0.7499961778594868,0.7499961703798027,0.7499961778594868,0.7499961703798027,gl
244,1.0,1.0,1.0,1.0,gl
245,0.7499808897357034,0.749980852339,0.8499828005685632,0.749980852339,gl
246,0.7499961778594868,0.7499961703798027,0.7499961778594868,0.7499961703798027,gl
247,1.0,1.0,1.0,1.0,gl
248,0.7499961778594868,0.7499961703798027,0.7499961778594868,0.7499961703798027,gl
249,1.0,1.0,1.0,1.0,gl
250,1.0,1.0,1.0,1.0,gl
251,0.8333123119147775,0.7916446468381834,0.8333123119147775,0.7916446468381834,gl
252,0.8124856671301216,0.8124856390819216,0.7499847117009086,0.7499846817832025,gl
253,0.8749933112577541,0.749992340803604,0.7499923557628005,0.749992340803604,gl
254,0.7499923557628005,0.749992340803604,0.7499923557628005,0.749992340803604,gl
255,0.8749933112577541,0.749992340803604,0.7499923557628005,0.749992340803604,gl
256,0.7499923557628005,0.749992340803604,0.7499923557628005,0.749992340803604,gl
257,0.7499847117009086,0.7499846817832025,0.7499847117009086,0.7499846817832025,gl
258,1.0,1.0,1.0,1.0,gl
259,1.0,1.0,1.0,1.0,gl
260,0.9166571113409491,0.749988511271404,0.749988533709941,0.749988511271404,gl
261,0.8333228225053577,0.749988511271404,0.749988533709941,0.749988511271404,gl
262,0.8749933112577541,0.749992340803604,0.7499923557628005,0.749992340803604,gl
263,0.8333123119147775,0.7916446468381834,0.7499770678143253,0.7499770229387965,gl
264,0.8333228225053577,0.749988511271404,0.749988533709941,0.749988511271404,gl
265,1.0,1.0,1.0,1.0,gl
266,1.0,1.0,1.0,1.0,gl
267,0.8333228225053577,0.749988511271404,0.749988533709941,0.749988511271404,gl
268,0.7499961778594868,0.7499961703798027,0.7499961778594868,0.7499961703798027,gl
269,0.7499961778594868,0.7499961703798027,0.7499961778594868,0.7499961703798027,gl
270,0.7499923557628005,0.749992340803604,0.7499923557628005,0.8749932981683213,gl
271,0.7499961778594868,0.7499961703798027,0.7499961778594868,0.7499961703798027,gl
272,0.7499961778594868,0.7499961703798027,0.7499961778594868,0.7499961703798027,gl
273,1.0,1.0,1.0,1.0,gl
274,0.7499961778594868,0.7499961703798027,0.7499961778594868,0.7499961703798027,gl
275,0.749988533709941,0.749988511271404,0.8333228225053577,0.749988511271404,gl
276,0.7499961778594868,0.7499961703798027,0.7499961778594868,0.7499961703798027,gl
277,1.0,1.0,1.0,1.0,gl
278,0.7499961778594868,0.7499961703798027,0.7499961778594868,0.7499961703798027,gl
279,1.0,1.0,1.0,1.0,gl
280,0.7499961778594868,0.7499961703798027,0.7499961778594868,0.7499961703798027,gl
281,0.7499961778594868,0.7499961703798027,0.7499961778594868,0.7499961703798027,gl
282,0.7499961778594868,0.7499961703798027,0.7499961778594868,0.7499961703798027,gl
283,0.7499961778594868,0.7499961703798027,0.7499961778594868,0.7499961703798027,gl
284,1.0,1.0,1.0,1.0,gl
285,0.7499961778594868,0.7499961703798027,0.7499961778594868,0.7499961703798027,gl
286,0.7499961778594868,0.7499961703798027,0.7499961778594868,0.7499961703798027,gl
287,0.7499961778594868,0.7499961703798027,0.7499961778594868,0.7499961703798027,gl
288,1.0,1.0,1.0,1.0,gl
289,0.7499961778594868,0.7499961703798027,0.7499961778594868,0.7499961703798027,gl
290,0.8252094533400616,0.7805322849515488,0.7909581930495753,0.8237188907246781,me
291,0.7915371163057185,0.7498642134627086,0.7498648922577391,0.7498642134627086,me
292,0.8929156634259219,0.8644128704624044,0.8911700761838893,0.8628879162044683,me
293,0.7655411797934155,0.7499146502810752,0.7655411735477708,0.7811673159085155,me
294,0.9105208060188534,0.9061552226975068,0.915962534938225,0.9061215749451189,me
295,0.9000722809160384,0.8852079678092915,0.9017681836071154,0.8854078597551971,me
296,0.8239867873761655,0.813105904836873,0.8552925878886327,0.8093198370895953,me
297,0.8285803434056136,0.8027978674077907,0.8480543226387363,0.8008059257873088,me
298,0.8917997705810935,0.8596826581072385,0.8786109150474363,0.8568153471233476,me
299,0.7856488557610196,0.7499319506358344,0.7499321774439667,0.7856486655738665,me
300,0.8561383258774244,0.8244234225502343,0.8386226120709649,0.8198543513572255,me
301,1.0,1.0,1.0,1.0,me
302,0.7931856157404198,0.7755783824151428,0.8014069559212808,0.7851021759001712,me
303,0.8221925772794919,0.7886671121829626,0.85759042704001,0.7939001998334673,me
304,0.8299339518360466,0.7951868109545936,0.8382724234374658,0.7868478540539361,me
305,0.7889886305290928,0.7998539166670658,0.8121970977439354,0.7698867165910063,me
306,1.0,1.0,1.0,1.0,me
307,0.8053968170331646,0.7637226673254948,0.7498319751441856,0.7637226673254948,me
308,0.8476216155204188,0.7715168114274455,0.7823896117200337,0.7715168114274455,me
309,0.7853852351867063,0.7767406210236765,0.8098605937544807,0.7666627757429992,me
310,0.7620805693288156,0.8111460033735871,0.8199999769352544,0.7522635620014527,me
311,0.8252094533400616,0.7805322849515488,0.7909581930495753,0.8237188907246781,me
312,0.8843045920747623,0.8666390053634897,0.8889751472875965,0.868361961472299,me
313,0.8542626094661856,0.7835672803940691,0.7938140803650573,0.7831911141969986,me
314,0.7960051445633599,0.768527183030688,0.7654785661755017,0.7624216710753521,me
315,0.7499107175486227,0.749910500345553,0.749910798637805,0.772639805881137,me
316,0.8404171158689464,0.8067696469077689,0.8558358761570619,0.7927552947942195,me
317,1.0,1.0,1.0,1.0,me
318,0.7885955208298183,0.7662112668642176,0.8051542813561027,0.771588943323827,me
319,0.7779144243865139,0.7625642654757185,0.7938427200251965,0.7662403986105475,me
320,0.798651397776463,0.8038618330492577,0.8195029312141678,0.7595525498607558,me
321,0.8291419340226139,0.8117167407656161,0.855823763250017,0.8110209188126452,me
322,0.820879969235968,0.7974031857593444,0.8460242589768066,0.7927936240505333,me
323,0.8595297185015462,0.8071091210292942,0.8438652192076996,0.8155436502521286,me
324,0.8119833075832878,0.7563950968724464,0.7563972410454387,0.7563950968724464,me
325,0.8294983766931221,0.7823774305638647,0.820884102893023,0.7839924882134143,me
326,0.8314522423149597,0.8004855397960741,0.854353399915461,0.8055904996497678,me
327,0.7856605106060577,0.785660363689815,0.7499442446548896,0.7499440816412416,me
328,0.7984954255833319,0.7823432851652787,0.8076445983801315,0.7834195878699386,me
329,0.7499510703366845,0.7499509455253007,0.7499511022373649,0.7499509455253007,me
330,1.0,1.0,1.0,1.0,me
331,0.7664141768366872,0.7580779886321993,0.7914206382611428,0.7497425136251238,me
332,0.7499948697822483,0.7499948581491912,0.7499948697822483,0.7499948581491912,me
333,0.8749910221255142,0.7499897163776996,0.7499897396434554,0.7499897163776996,me
334,0.8208903831945893,0.7974138781032005,0.8460343712110094,0.7928043656614979,me
335,0.8445244725855983,0.7972942088281675,0.8294123937991811,0.8149246882644776,me
336,0.7748063217446717,0.7498104142619215,0.802452726839208,0.7498104142619215,me
337,0.8045811290934055,0.8099755450526931,0.7980931021318435,0.7807713042231985,me
338,0.7499964629002451,0.7499964548247179,0.7499964603210844,0.7499964548247179,me
339,0.8212156298870037,0.7497777494522899,0.786823687191931,0.7683003772288803,me
340,0.789340950478518,0.7840257616347817,0.8122744197271439,0.7910817581059879,me
341,0.9079697310913696,0.7600137046954265,0.8685316252361676,0.7682441700290252,me
342,0.7908836312931162,0.7857861489504889,0.7705503101724684,0.7773138094177175,me
343,0.7499842493640779,0.7499841855978339,0.7499842471310185,0.7499841855978339,me
344,0.8749560209161702,0.7499495204445417,0.7499498105350849,0.7499495204445417,me
345,0.8261244025126209,0.8243269538247319,0.8314576770351328,0.8314328646822624,me
346,0.9153015725480732,0.8669771562613697,0.8769094283667116,0.8535656362786984,me
347,0.911993175927394,0.8509080631279506,0.8833596741660792,0.8623614608972276,me
348,1.0,1.0,1.0,1.0,me
349,0.7823760345224107,0.7624492267620135,0.7963226124630313,0.7652951317493887,me
350,0.8562920313672364,0.8349731794080926,0.8660958124913116,0.8331663256093834,me
351,1.0,1.0,1.0,1.0,me
352,0.887952833569738,0.8548257669246089,0.8812342057414755,0.8548257669246089,me
353,1.0,1.0,1.0,1.0,me
354,0.7666690107823741,0.7517254997697149,0.7845056956762861,0.7520894089432415,me
355,0.7499491770927498,0.7499489713477439,0.8332867515508593,0.7499489713477439,me
356,0.8476226020538846,0.7715178804482186,0.7932626690056903,0.8041339411149027,me
357,0.7792507419279877,0.7792502627966322,0.7792507921975425,0.7645419361895891,me
358,0.7499517059863247,0.7499515879166276,0.791620423718451,0.7499515879166276,me
359,1.0,1.0,1.0,1.0,me
360,0.7622931064396388,0.7712267605348725,0.757824037937149,0.7667575143930101,me
361,0.7960560885881521,0.7891093475686805,0.823818149346043,0.782940147763465,me
362,1.0,1.0,1.0,1.0,me
363,0.7880217264183661,0.7595530233992106,0.7994054348835311,0.7823214145314835,me
364,0.7877445859091459,0.77859170169815,0.8034802764439004,0.7737041104060773,me
365,0.7664538748633345,0.7664462221329102,0.896183282257327,0.7724801830679969,me
366,0.7499008084138874,0.7999053441997538,0.7999057648436478,0.7499003656605085,me
367,0.7631120138957466,0.748941833605833,0.8528290918780796,0.7536637668792174,me
368,0.8749628305239237,0.7499573278714952,0.7499575263338647,0.7499573278714952,me
369,0.8252191753520555,0.7969148013116115,0.8403048714353133,0.8077496713541907,me
370,1.0,1.0,1.0,1.0,me
371,0.8139257962790583,0.7713127466879723,0.793751233541084,0.7668291001749276,me
372,1.0,1.0,1.0,1.0,me
373,0.8275913233929597,0.823543160886494,0.8328899023660866,0.8330809771136756,me
374,1.0,1.0,1.0,1.0,me
375,1.0,1.0,1.0,1.0,me
376,0.7499385768256156,0.749938295094019,0.7499385705369613,0.749938295094019,me
377,0.7899194459681897,0.7870493758245533,0.7600943886176683,0.7485431954764981,me
378,0.8066555636375045,0.787503031948218,0.8107698853255233,0.7868167628586131,me
379,0.804247721897735,0.8080059224141279,0.8297572076262167,0.809895306931504,me
380,0.798658432656589,0.7698505364420898,0.7779316716017295,0.7652440754526612,me
381,0.7902228226270573,0.7934098343689114,0.8126665091696982,0.7955471975373279,me
382,0.7891117486007979,0.7496215480048998,0.7627860678252895,0.7891101335682522,me
383,0.8870187179038691,0.8543531518439338,0.8812577448950425,0.8543531518439338,me
384,0.7573122238680898,0.7958957990981388,0.7702304107887812,0.7488327994461134,me
385,1.0,1.0,1.0,1.0,me
386,0.7611659170559053,0.7572398967439192,0.7729163827335259,0.7650719662868758,me
387,0.8046203852962273,0.7900138077484421,0.8214641494998174,0.8036668969146685,me
388,0.7955551370306285,0.776641275725545,0.8038695100656982,0.781929825551363,me
389,1.0,1.0,1.0,1.0,me
390,0.7499003338839728,0.74989991693356,0.7499003934483601,0.74989991693356,me
391,0.7819855741346995,0.7802889846757294,0.8035487660193102,0.785265102508695,me
392,0.7976458103485158,0.7801741381327509,0.7801884171732808,0.7849356724634271,me
393,0.7498754592488688,0.7498748800983218,0.7498754385649035,0.7498748800983218,me
394,0.7924143488773775,0.7972238447168184,0.81166226786774,0.7683519873592477,me
395,0.8749933112577541,0.749992340803604,0.7499923557628005,0.749992340803604,me
396,0.7499961778594868,0.7499961703798027,0.7499961778594868,0.7499961703798027,me
397,0.7499923557628005,0.749992340803604,0.7499923557628005,0.749992340803604,me
398,0.7499961778594868,0.7499961703798027,0.7499961778594868,0.7499961703798027,me
399,1.0,1.0,1.0,1.0,me
400,0.7499961778594868,0.7499961703798027,0.7499961778594868,0.7499961703798027,me
401,0.7499961778594868,0.7499961703798027,0.7499961778594868,0.7499961703798027,me
402,1.0,1.0,1.0,1.0,me
403,0.7499961778594868,0.7499961703798027,0.7499961778594868,0.7499961703798027,me
404,0.7499961778594868,0.7499961703798027,0.7499961778594868,0.7499961703798027,me
405,0.7499923557628005,0.749992340803604,0.7499923557628005,0.749992340803604,me
406,0.7499961778594868,0.7499961703798027,0.7499961778594868,0.7499961703798027,me
407,0.7499923557628005,0.749992340803604,0.7499923557628005,0.749992340803604,me
408,0.7499808897357034,0.749980852339,0.7499808897357034,0.749980852339,me
409,0.7499961778594868,0.7499961703798027,0.7499961778594868,0.7499961703798027,me
410,0.7499961778594868,0.7499961703798027,0.7499961778594868,0.7499961703798027,me
411,0.7499961778594868,0.7499961703798027,0.7499961778594868,0.7499961703798027,me
412,1.0,1.0,1.0,1.0,me
413,0.7499961778594868,0.7499961703798027,0.7499961778594868,0.7499961703798027,me
414,0.749988533709941,0.749988511271404,0.8333228225053577,0.749988511271404,me
415,1.0,1.0,1.0,1.0,me
416,0.7499961778594868,0.7499961703798027,0.7499961778594868,0.7499961703798027,me
417,1.0,1.0,1.0,1.0,me
418,0.8333228225053577,0.8333228019364555,0.8333228225053577,0.749988511271404,me
419,0.7499961778594868,0.7499961703798027,0.7499961778594868,0.7499961703798027,me
420,0.7909795626300473,0.7840270181337594,0.7840300645192508,0.7979258673001852,me
421,0.7499923557628005,0.749992340803604,0.8749933112577541,0.749992340803604,me
422,0.7499923557628005,0.749992340803604,0.7499923557628005,0.749992340803604,me
423,0.7611659170559053,0.7572398967439192,0.7729163827335259,0.7650719662868758,me
424,0.8437222901167684,0.7499693642703863,0.7499694241030511,0.7499693642703863,me
425,0.7499003338839728,0.74989991693356,0.7499003934483601,0.74989991693356,me
426,1.0,1.0,1.0,1.0,me
427,1.0,1.0,1.0,1.0,me
428,1.0,1.0,1.0,1.0,me
429,0.7499961778594868,0.7499961703798027,0.7499961778594868,0.7499961703798027,me
430,0.7499961778594868,0.7499961703798027,0.7499961778594868,0.7499961703798027,me
431,1.0,1.0,1.0,1.0,me
432,0.7499847117009086,0.7499846817832025,0.7499847117009086,0.8124856390819216,me
433,0.7499923557628005,0.749992340803604,0.7499923557628005,0.749992340803604,me
434,0.7499961778594868,0.7499961703798027,0.7499961778594868,0.7499961703798027,me
435,0.749988533709941,0.749988511271404,0.8333228225053577,0.749988511271404,me
436,0.9166571113409491,0.749988511271404,0.749988533709941,0.749988511271404,me
437,1.0,1.0,1.0,1.0,me
438,0.7499961778594868,0.7499961703798027,0.7499961778594868,0.7499961703798027,me
439,0.7499961778594868,0.7499961703798027,0.7499961778594868,0.7499961703798027,me
440,0.7499961778594868,0.7499961703798027,0.7499961778594868,0.7499961703798027,me
441,0.7499961778594868,0.7499961703798027,0.7499961778594868,0.7499961703798027,me
442,0.7499961778594868,0.7499961703798027,0.7499961778594868,0.7499961703798027,me
443,0.7499961778594868,0.7499961703798027,0.7499961778594868,0.7499961703798027,me
444,1.0,1.0,1.0,1.0,me
445,0.7499961778594868,0.7499961703798027,0.7499961778594868,0.7499961703798027,me
446,0.8124856671301216,0.8749865964209731,0.8749866225995095,0.7499846817832025,me
447,0.7499923557628005,0.749992340803604,0.7499923557628005,0.749992340803604,me
448,0.7499923557628005,0.749992340803604,0.8749933112577541,0.749992340803604,me
449,0.7499923557628005,0.749992340803604,0.8749933112577541,0.749992340803604,me
450,0.7499923557628005,0.749992340803604,0.8749933112577541,0.749992340803604,me
451,1.0,1.0,1.0,1.0,me
452,0.7499770678143253,0.7499770229387965,0.7916446898444638,0.7499770229387965,me
453,0.7499961778594868,0.7499961703798027,0.7499961778594868,0.7499961703798027,me
454,0.7499923557628005,0.749992340803604,0.8749933112577541,0.749992340803604,me
455,0.8333123119147775,0.7916446468381834,0.7916446898444638,0.7499770229387965,me
456,0.7499961778594868,0.7499961703798027,0.7499961778594868,0.7499961703798027,me
457,0.7499961778594868,0.7499961703798027,0.7499961778594868,0.7499961703798027,me
458,0.7499961778594868,0.7499961703798027,0.7499961778594868,0.7499961703798027,me
459,1.0,1.0,1.0,1.0,me
460,0.8749933112577541,0.749992340803604,0.7499923557628005,0.749992340803604,me
461,0.7499961778594868,0.7499961703798027,0.7499961778594868,0.7499961703798027,me
462,0.7499961778594868,0.7499961703798027,0.7499961778594868,0.7499961703798027,me
463,0.7499961778594868,0.7499961703798027,0.7499961778594868,0.7499961703798027,me
464,0.7916446898444638,0.7499770229387965,0.8333123119147775,0.7916446468381834,me
465,0.7499923557628005,0.749992340803604,0.8749933112577541,0.749992340803604,me
466,0.7499961778594868,0.7499961703798027,0.7499961778594868,0.7499961703798027,me
467,0.7499808897357034,0.749980852339,0.8999837560452559,0.749980852339,me
468,0.7499961778594868,0.7499961703798027,0.7499961778594868,0.7499961703798027,me
469,0.749988533709941,0.749988511271404,0.8333228225053577,0.749988511271404,me
470,0.7499961778594868,0.7499961703798027,0.7499961778594868,0.7499961703798027,me
471,0.8333228225053577,0.749988511271404,0.749988533709941,0.749988511271404,me
472,1.0,1.0,1.0,1.0,me
473,1.0,1.0,1.0,1.0,me
474,0.7499961778594868,0.7499961703798027,0.7499961778594868,0.7499961703798027,me
475,0.8333228225053577,0.749988511271404,0.749988533709941,0.749988511271404,me
476,0.8214037280667233,0.7499731935825918,0.8214037280667233,0.7856884364965984,me
477,0.7499923557628005,0.8749932981683213,0.7499923557628005,0.749992340803604,me
478,0.7499961778594868,0.7499961703798027,0.7499961778594868,0.7499961703798027,me
479,0.7499961778594868,0.7499961703798027,0.7499961778594868,0.7499961703798027,me
480,0.7499961778594868,0.7499961703798027,0.7499961778594868,0.7499961703798027,me
481,0.7499961778594868,0.7499961703798027,0.7499961778594868,0.7499961703798027,me
482,1.0,1.0,1.0,1.0,me
483,0.7499961778594868,0.7499961703798027,0.7499961778594868,0.7499961703798027,me
484,0.7499961778594868,0.7499961703798027,0.7499961778594868,0.7499961703798027,me
485,0.7999818451320458,0.7999818096047198,0.7999818451320458,0.749980852339,me
486,1.0,1.0,1.0,1.0,me
487,0.7499961778594868,0.7499961703798027,0.7499961778594868,0.7499961703798027,me
488,0.9166571113409491,0.749988511271404,0.749988533709941,0.749988511271404,me
489,0.7499961778594868,0.7499961703798027,0.7499961778594868,0.7499961703798027,me
490,1.0,1.0,1.0,1.0,me
491,0.7499923557628005,0.749992340803604,0.8749933112577541,0.749992340803604,me
492,0.7499961778594868,0.7499961703798027,0.7499961778594868,0.7499961703798027,me
493,0.7499961778594868,0.7499961703798027,0.7499961778594868,0.7499961703798027,me
494,0.7499961778594868,0.7499961703798027,0.7499961778594868,0.7499961703798027,me
495,0.749988533709941,0.749988511271404,0.749988533709941,0.749988511271404,me
496,0.8333123119147775,0.7916446468381834,0.7916446898444638,0.7499770229387965,me
497,0.7499847117009086,0.7499846817832025,0.7499847117009086,0.7499846817832025,me
498,1.0,1.0,1.0,1.0,me
499,0.7499961778594868,0.7499961703798027,0.7499961778594868,0.7499961703798027,me
500,0.8333228225053577,0.749988511271404,0.749988533709941,0.749988511271404,me
501,0.8749933112577541,0.749992340803604,0.7499923557628005,0.749992340803604,me
502,0.7499961778594868,0.7499961703798027,0.7499961778594868,0.7499961703798027,me
503,0.7999818451320458,0.7999818096047198,0.7499808897357034,0.749980852339,me
504,0.8124856671301216,0.8124856390819216,0.7499847117009086,0.7499846817832025,me
505,0.7499961778594868,0.7499961703798027,0.7499961778594868,0.7499961703798027,me
506,0.8999837560452559,0.749980852339,0.7499808897357034,0.749980852339,me
507,1.0,1.0,1.0,1.0,me
508,0.7499923557628005,0.749992340803604,0.7499923557628005,0.749992340803604,me
509,0.8333228225053577,0.749988511271404,0.749988533709941,0.749988511271404,me
510,0.7499923557628005,0.749992340803604,0.7499923557628005,0.749992340803604,me
511,1.0,1.0,1.0,1.0,me
512,0.749988533709941,0.8333228019364555,0.749988533709941,0.749988511271404,me
513,0.7499923557628005,0.749992340803604,0.7499923557628005,0.749992340803604,me
514,0.8333228225053577,0.749988511271404,0.8333228225053577,0.8333228019364555,me
515,1.0,1.0,1.0,1.0,me
516,0.7499961778594868,0.7499961703798027,0.7499961778594868,0.7499961703798027,me
517,0.7499923557628005,0.749992340803604,0.7499923557628005,0.749992340803604,me
518,0.8333228225053577,0.8333228019364555,0.8333228225053577,0.749988511271404,me
519,0.7499770678143253,0.7499770229387965,0.7916446898444638,0.7916446468381834,me
520,0.7499961778594868,0.7499961703798027,0.7499961778594868,0.7499961703798027,me
521,0.7499923557628005,0.749992340803604,0.7499923557628005,0.749992340803604,me
522,0.7499961778594868,0.7499961703798027,0.7499961778594868,0.7499961703798027,me
523,0.7499961778594868,0.7499961703798027,0.7499961778594868,0.7499961703798027,me
524,0.8333228225053577,0.749988511271404,0.8333228225053577,0.8333228019364555,me
525,0.7499961778594868,0.7499961703798027,0.7499961778594868,0.7499961703798027,me
526,0.8333228225053577,0.749988511271404,0.8333228225053577,0.8333228019364555,me
527,0.7999818451320458,0.749980852339,0.7999818451320458,0.749980852339,me
528,0.7499923557628005,0.749992340803604,0.7499923557628005,0.749992340803604,me
529,0.7499961778594868,0.7499961703798027,0.7499961778594868,0.7499961703798027,me
530,0.7499923557628005,0.749992340803604,0.7499923557628005,0.749992340803604,me
531,0.7499923557628005,0.749992340803604,0.7499923557628005,0.749992340803604,me
532,0.7499923557628005,0.749992340803604,0.7499923557628005,0.749992340803604,me
533,0.7499961778594868,0.7499961703798027,0.7499961778594868,0.7499961703798027,me
534,0.7499961778594868,0.7499961703798027,0.7499961778594868,0.7499961703798027,me
535,0.7499961778594868,0.7499961703798027,0.7499961778594868,0.7499961703798027,me
536,0.8333228225053577,0.749988511271404,0.749988533709941,0.749988511271404,me
537,0.857118969191961,0.7856884364965984,0.8214037280667233,0.8214036794509374,me
538,1.0,1.0,1.0,1.0,me
539,0.7499961778594868,0.7499961703798027,0.7499961778594868,0.7499961703798027,me
540,1.0,1.0,1.0,1.0,me
541,0.7499961778594868,0.7499961703798027,0.7499961778594868,0.7499961703798027,me
542,0.7499961778594868,0.7499961703798027,0.7499961778594868,0.7499961703798027,me
543,0.7499961778594868,0.7499961703798027,0.7499961778594868,0.7499961703798027,me
544,0.7499923557628005,0.8749932981683213,0.7499923557628005,0.749992340803604,me
545,0.8333228225053577,0.749988511271404,0.749988533709941,0.749988511271404,me
546,0.7499847117009086,0.7499846817832025,0.8124856671301216,0.7499846817832025,me
547,0.7499961778594868,0.7499961703798027,0.7499961778594868,0.7499961703798027,me
548,0.7499923557628005,0.8749932981683213,0.7499923557628005,0.749992340803604,me
549,0.749988533709941,0.749988511271404,0.8333228225053577,0.749988511271404,me
550,1.0,1.0,1.0,1.0,me
551,0.7499923557628005,0.749992340803604,0.8749933112577541,0.749992340803604,me
552,0.749988533709941,0.749988511271404,0.8333228225053577,0.749988511271404,me
553,0.7499923557628005,0.749992340803604,0.7499923557628005,0.749992340803604,me
554,0.7499923557628005,0.749992340803604,0.7499923557628005,0.749992340803604,me
555,0.8124856671301216,0.8124856390819216,0.8124856671301216,0.7499846817832025,me
556,0.749988533709941,0.749988511271404,0.9166571113409491,0.749988511271404,me
557,0.7499923557628005,0.749992340803604,0.7499923557628005,0.749992340803604,me
558,0.7499961778594868,0.7499961703798027,0.7499961778594868,0.7499961703798027,me
559,0.7499961778594868,0.7499961703798027,0.7499961778594868,0.7499961703798027,me
560,1.0,1.0,1.0,1.0,me
561,0.7499961778594868,0.7499961703798027,0.7499961778594868,0.7499961703798027,me
562,0.9166571113409491,0.749988511271404,0.749988533709941,0.749988511271404,me
563,0.7499923557628005,0.749992340803604,0.8749933112577541,0.749992340803604,me
564,0.7499961778594868,0.7499961703798027,0.7499961778594868,0.7499961703798027,me
565,0.8333228225053577,0.749988511271404,0.749988533709941,0.749988511271404,me
566,0.9166571113409491,0.749988511271404,0.749988533709941,0.749988511271404,me
567,0.7499923557628005,0.749992340803604,0.7499923557628005,0.749992340803604,me
568,0.7499961778594868,0.7499961703798027,0.7499961778594868,0.7499961703798027,me
569,0.8749933112577541,0.749992340803604,0.7499923557628005,0.749992340803604,me
570,1.0,1.0,1.0,1.0,me
571,0.7499847117009086,0.7499846817832025,0.8124856671301216,0.7499846817832025,me
572,0.7499961778594868,0.7499961703798027,0.7499961778594868,0.7499961703798027,me
573,0.7499923557628005,0.749992340803604,0.7499923557628005,0.749992340803604,me
574,0.7499961778594868,0.7499961703798027,0.7499961778594868,0.7499961703798027,me
575,1.0,1.0,1.0,1.0,me
576,0.8749933112577541,0.749992340803604,0.7499923557628005,0.749992340803604,me
577,0.7499923557628005,0.749992340803604,0.7499923557628005,0.749992340803604,me
578,0.7499961778594868,0.7499961703798027,0.7499961778594868,0.7499961703798027,me
579,0.7499961778594868,0.7499961703798027,0.7499961778594868,0.7499961703798027,me
580,0.9166571113409491,0.749988511271404,0.749988533709941,0.749988511271404,me
581,0.749988533709941,0.8333228019364555,0.749988533709941,0.749988511271404,me
582,0.7499961778594868,0.7499961703798027,0.7499961778594868,0.7499961703798027,me
583,0.7499961778594868,0.7499961703798027,0.7499961778594868,0.7499961703798027,me
584,0.7499961778594868,0.7499961703798027,0.7499961778594868,0.7499961703798027,me
585,0.7499961778594868,0.7499961703798027,0.7499961778594868,0.7499961703798027,me
586,0.7499961778594868,0.7499961703798027,0.7499961778594868,0.7499961703798027,pi
587,1.0,1.0,1.0,1.0,pi
588,0.7499961778594868,0.7499961703798027,0.7499961778594868,0.7499961703798027,pi
589,0.7499961778594868,0.7499961703798027,0.7499961778594868,0.7499961703798027,pi
590,0.7499961778594868,0.7499961703798027,0.7499961778594868,0.7499961703798027,pi
591,1.0,1.0,1.0,1.0,pi
592,0.7499961778594868,0.7499961703798027,0.7499961778594868,0.7499961703798027,pi
593,1.0,1.0,1.0,1.0,pi
594,0.7499923557628005,0.749992340803604,0.8749933112577541,0.749992340803604,pi
595,1.0,1.0,1.0,1.0,pi
596,0.7499961778594868,0.7499961703798027,0.7499961778594868,0.7499961703798027,pi
597,0.7499923557628005,0.749992340803604,0.7499923557628005,0.749992340803604,pi
598,1.0,1.0,1.0,1.0,pi
599,0.7499961778594868,0.7499961703798027,0.7499961778594868,0.7499961703798027,pi
600,0.8749933112577541,0.749992340803604,0.7499923557628005,0.749992340803604,pi
601,1.0,1.0,1.0,1.0,pi
602,0.7499961778594868,0.7499961703798027,0.7499961778594868,0.7499961703798027,pi
603,0.7499923557628005,0.749992340803604,0.7499923557628005,0.749992340803604,pi
604,0.7999818451320458,0.749980852339,0.7499808897357034,0.749980852339,pi
605,0.7499961778594868,0.7499961703798027,0.7499961778594868,0.7499961703798027,pi
606,1.0,1.0,1.0,1.0,pi
607,0.7499961778594868,0.7499961703798027,0.7499961778594868,0.7499961703798027,pi
608,0.7499961778594868,0.7499961703798027,0.7499961778594868,0.7499961703798027,pi
609,0.7499923557628005,0.749992340803604,0.7499923557628005,0.749992340803604,pi
610,0.7499961778594868,0.7499961703798027,0.7499961778594868,0.7499961703798027,pi
611,1.0,1.0,1.0,1.0,pi
612,0.7499961778594868,0.7499961703798027,0.7499961778594868,0.7499961703798027,pi
613,0.7499961778594868,0.7499961703798027,0.7499961778594868,0.7499961703798027,pi
614,0.7499961778594868,0.7499961703798027,0.7499961778594868,0.7499961703798027,pi
615,0.7499961778594868,0.7499961703798027,0.7499961778594868,0.7499961703798027,pi
616,0.8749933112577541,0.749992340803604,0.7499923557628005,0.749992340803604,pi
617,1.0,1.0,1.0,1.0,pi
618,0.7499961778594868,0.7499961703798027,0.7499961778594868,0.7499961703798027,pi
619,0.7499961778594868,0.7499961703798027,0.7499961778594868,0.7499961703798027,pi
620,0.7499961778594868,0.7499961703798027,0.7499961778594868,0.7499961703798027,pi
621,1.0,1.0,1.0,1.0,pi
622,1.0,1.0,1.0,1.0,pi
623,0.7499961778594868,0.7499961703798027,0.7499961778594868,0.7499961703798027,pi
624,0.7499961778594868,0.7499961703798027,0.7499961778594868,0.7499961703798027,pi
625,1.0,1.0,1.0,1.0,pi
626,1.0,1.0,1.0,1.0,pi
627,0.7499961778594868,0.7499961703798027,0.7499961778594868,0.7499961703798027,pi
628,1.0,1.0,1.0,1.0,pi
629,1.0,1.0,1.0,1.0,pi
630,0.7499961778594868,0.7499961703798027,0.7499961778594868,0.7499961703798027,pi
631,0.8749933112577541,0.749992340803604,0.7499923557628005,0.749992340803604,pi
632,0.7499961778594868,0.7499961703798027,0.7499961778594868,0.7499961703798027,pi
633,0.7499961778594868,0.7499961703798027,0.7499961778594868,0.7499961703798027,pi
634,0.7499961778594868,0.7499961703798027,0.7499961778594868,0.7499961703798027,pi
635,0.7499961778594868,0.7499961703798027,0.7499961778594868,0.7499961703798027,pi
636,0.7499961778594868,0.7499961703798027,0.7499961778594868,0.7499961703798027,pi
637,1.0,1.0,1.0,1.0,pi
638,0.7499961778594868,0.7499961703798027,0.7499961778594868,0.7499961703798027,pi
639,0.7499693641530674,0.7499692440180342,0.7499693641530674,0.7499692440180342,pi
640,0.7499961778594868,0.7499961703798027,0.7499961778594868,0.7499961703798027,pi
641,0.8749933112577541,0.749992340803604,0.7499923557628005,0.749992340803604,pi
642,0.8749933112577541,0.749992340803604,0.7499923557628005,0.749992340803604,pi
643,0.7499961778594868,0.7499961703798027,0.7499961778594868,0.7499961703798027,pi
644,0.7499923557628005,0.749992340803604,0.7499923557628005,0.749992340803604,pi
645,0.7499847117009086,0.7499846817832025,0.7499847117009086,0.7499846817832025,pi
646,0.7499961778594868,0.7499961703798027,0.7499961778594868,0.7499961703798027,pi
647,0.749988533709941,0.749988511271404,0.8333228225053577,0.749988511271404,pi
648,0.8749933112577541,0.749992340803604,0.7499923557628005,0.749992340803604,pi
649,1.0,1.0,1.0,1.0,pi
650,0.7499847117009086,0.7499846817832025,0.8124856671301216,0.7499846817832025,pi
651,0.7499961778594868,0.7499961703798027,0.7499961778594868,0.7499961703798027,pi
652,0.7499961778594868,0.7499961703798027,0.7499961778594868,0.7499961703798027,pi
653,0.7499961778594868,0.7499961703798027,0.7499961778594868,0.7499961703798027,pi
654,0.7499961778594868,0.7499961703798027,0.7499961778594868,0.7499961703798027,pi
655,1.0,1.0,1.0,1.0,pi
656,1.0,1.0,1.0,1.0,pi
657,1.0,1.0,1.0,1.0,pi
658,0.7499923557628005,0.749992340803604,0.8749933112577541,0.749992340803604,pi
659,0.8333228225053577,0.749988511271404,0.749988533709941,0.749988511271404,pi
660,0.8749866225995095,0.8749865964209731,0.8124856671301216,0.7499846817832025,pi
661,0.7499961778594868,0.7499961703798027,0.7499961778594868,0.7499961703798027,pi
662,0.8749933112577541,0.749992340803604,0.7499923557628005,0.749992340803604,pi
663,0.7499961778594868,0.7499961703798027,0.7499961778594868,0.7499961703798027,pi
664,0.7499961778594868,0.7499961703798027,0.7499961778594868,0.7499961703798027,pi
665,0.7499961778594868,0.7499961703798027,0.7499961778594868,0.7499961703798027,pi
666,0.8333123119147775,0.7499770229387965,0.7499770678143253,0.7499770229387965,pi
667,1.0,1.0,1.0,1.0,pi
668,0.7499961778594868,0.7499961703798027,0.7499961778594868,0.7499961703798027,pi
669,0.8124856671301216,0.7499846817832025,0.8124856671301216,0.7499846817832025,pi
670,1.0,1.0,1.0,1.0,pi
671,1.0,1.0,1.0,1.0,pi
672,0.7499961778594868,0.7499961703798027,0.7499961778594868,0.7499961703798027,pi
673,0.7499961778594868,0.7499961703798027,0.7499961778594868,0.7499961703798027,pi
674,0.7499923557628005,0.749992340803604,0.7499923557628005,0.749992340803604,pi
675,1.0,1.0,1.0,1.0,pi
676,0.8333228225053577,0.749988511271404,0.749988533709941,0.749988511271404,pi
677,1.0,1.0,1.0,1.0,pi
678,0.7499961778594868,0.7499961703798027,0.7499961778594868,0.7499961703798027,pi
679,0.7499961778594868,0.7499961703798027,0.7499961778594868,0.7499961703798027,pi
680,0.8749933112577541,0.749992340803604,0.7499923557628005,0.749992340803604,pi
681,1.0,1.0,1.0,1.0,pi
682,1.0,1.0,1.0,1.0,pi
683,1.0,1.0,1.0,1.0,pi
684,0.7499961778594868,0.7499961703798027,0.7499961778594868,0.7499961703798027,pi
685,0.7499961778594868,0.7499961703798027,0.7499961778594868,0.7499961703798027,pi
686,0.749988533709941,0.749988511271404,0.749988533709941,0.749988511271404,pi
687,0.7499961778594868,0.7499961703798027,0.7499961778594868,0.7499961703798027,pi
688,0.7499961778594868,0.7499961703798027,0.7499961778594868,0.7499961703798027,pi
689,1.0,1.0,1.0,1.0,pi
690,1.0,1.0,1.0,1.0,pi
691,0.8055230684386047,0.8055230048655112,0.8333018015615932,0.7499655350021799,pi
692,0.8499828005685632,0.749980852339,0.7499808897357034,0.749980852339,pi
693,0.7499961778594868,0.7499961703798027,0.7499961778594868,0.7499961703798027,pi
694,0.7499961778594868,0.7499961703798027,0.7499961778594868,0.7499961703798027,pi
695,1.0,1.0,1.0,1.0,pi
696,0.7499961778594868,0.7499961703798027,0.7499961778594868,0.7499961703798027,pi
697,1.0,1.0,1.0,1.0,pi
698,0.7499961778594868,0.7499961703798027,0.7499961778594868,0.7499961703798027,pi
699,1.0,1.0,1.0,1.0,pi
700,0.8749933112577541,0.749992340803604,0.7499923557628005,0.749992340803604,pi
701,0.7499961778594868,0.7499961703798027,0.7499961778594868,0.7499961703798027,pi
702,0.7499961778594868,0.7499961703798027,0.7499961778594868,0.7499961703798027,pi
703,1.0,1.0,1.0,1.0,pi
704,1.0,1.0,1.0,1.0,pi
705,0.7499846817245406,0.7499846216542576,0.7499846817245406,0.7499846216542576,pi
706,1.0,1.0,1.0,1.0,pi
707,0.7499923557628005,0.749992340803604,0.7499923557628005,0.8749932981683213,pi
708,0.7499961778594868,0.7499961703798027,0.7499961778594868,0.7499961703798027,pi
709,0.7499961778594868,0.7499961703798027,0.7499961778594868,0.7499961703798027,pi
710,0.8333228225053577,0.749988511271404,0.749988533709941,0.749988511271404,pi
711,1.0,1.0,1.0,1.0,pi
712,0.7499961778594868,0.7499961703798027,0.7499961778594868,0.7499961703798027,pi
713,0.7499961778594868,0.7499961703798027,0.7499961778594868,0.7499961703798027,pi
714,0.7499923557628005,0.749992340803604,0.8749933112577541,0.749992340803604,pi
715,1.0,1.0,1.0,1.0,pi
716,1.0,1.0,1.0,1.0,pi
717,1.0,1.0,1.0,1.0,pi
718,1.0,1.0,1.0,1.0,pi
719,0.8749933112577541,0.749992340803604,0.7499923557628005,0.749992340803604,pi
720,0.8333228225053577,0.749988511271404,0.749988533709941,0.749988511271404,pi
721,1.0,1.0,1.0,1.0,pi
722,1.0,1.0,1.0,1.0,pi
723,1.0,1.0,1.0,1.0,pi
724,0.7499961778594868,0.7499961703798027,0.7499961778594868,0.7499961703798027,pi
725,0.7499961778594868,0.7499961703798027,0.7499961778594868,0.7499961703798027,pi
726,0.8333228225053577,0.749988511271404,0.749988533709941,0.749988511271404,pi
727,0.7499961778594868,0.7499961703798027,0.7499961778594868,0.7499961703798027,pi
728,0.7499961778594868,0.7499961703798027,0.7499961778594868,0.7499961703798027,pi
729,1.0,1.0,1.0,1.0,pi
730,0.7499923557628005,0.749992340803604,0.8749933112577541,0.749992340803604,pi
731,1.0,1.0,1.0,1.0,pi
732,0.8749933112577541,0.749992340803604,0.7499923557628005,0.749992340803604,pi
733,0.7499961778594868,0.7499961703798027,0.7499961778594868,0.7499961703798027,pi
734,0.8749933112577541,0.749992340803604,0.7499923557628005,0.749992340803604,pi
735,0.7499961778594868,0.7499961703798027,0.7499961778594868,0.7499961703798027,pi
736,0.7499923557628005,0.749992340803604,0.7499923557628005,0.749992340803604,pi
737,0.7499961778594868,0.7499961703798027,0.7499961778594868,0.7499961703798027,pi
738,0.7499923557628005,0.749992340803604,0.7499923557628005,0.749992340803604,pi
739,0.8749933112577541,0.749992340803604,0.7499923557628005,0.749992340803604,pi
740,1.0,1.0,1.0,1.0,pi
741,0.8749933112577541,0.749992340803604,0.7499923557628005,0.749992340803604,pi
742,0.7499961778594868,0.7499961703798027,0.7499961778594868,0.7499961703798027,pi
743,1.0,1.0,1.0,1.0,pi
744,1.0,1.0,1.0,1.0,pi
745,1.0,1.0,1.0,1.0,pi
746,0.7499961778594868,0.7499961703798027,0.7499961778594868,0.7499961703798027,pi
747,0.8333228225053577,0.8333228019364555,0.749988533709941,0.749988511271404,pi
748,0.7499961778594868,0.7499961703798027,0.7499961778594868,0.7499961703798027,pi
749,0.8749933112577541,0.749992340803604,0.7499923557628005,0.749992340803604,pi
750,0.7499961778594868,0.7499961703798027,0.7499961778594868,0.7499961703798027,pi
751,1.0,1.0,1.0,1.0,pi
752,1.0,1.0,1.0,1.0,pi
753,0.8749933112577541,0.749992340803604,0.7499923557628005,0.749992340803604,pi
754,1.0,1.0,1.0,1.0,pi
755,1.0,1.0,1.0,1.0,pi
756,0.7499961778594868,0.7499961703798027,0.7499961778594868,0.7499961703798027,pi
757,0.7499961778594868,0.7499961703798027,0.7499961778594868,0.7499961703798027,pi
758,0.7499961778594868,0.7499961703798027,0.7499961778594868,0.7499961703798027,pi
759,0.7499961778594868,0.7499961703798027,0.7499961778594868,0.7499961703798027,pi
760,0.7499961778594868,0.7499961703798027,0.7499961778594868,0.7499961703798027,pi
761,0.8749933112577541,0.749992340803604,0.7499923557628005,0.749992340803604,pi
762,0.8749933112577541,0.749992340803604,0.7499923557628005,0.749992340803604,pi
763,0.7499961778594868,0.7499961703798027,0.7499961778594868,0.7499961703798027,pi
764,0.7499961778594868,0.7499961703798027,0.7499961778594868,0.7499961703798027,pi
765,0.7499961778594868,0.7499961703798027,0.7499961778594868,0.7499961703798027,pi
766,1.0,1.0,1.0,1.0,pi
767,1.0,1.0,1.0,1.0,pi
768,0.7499961778594868,0.7499961703798027,0.7499961778594868,0.7499961703798027,pi
769,0.7499923557628005,0.749992340803604,0.8749933112577541,0.749992340803604,pi
770,0.7499923557628005,0.749992340803604,0.8749933112577541,0.749992340803604,pi
771,1.0,1.0,1.0,1.0,pi
772,1.0,1.0,1.0,1.0,pi
773,0.7499961778594868,0.7499961703798027,0.7499961778594868,0.7499961703798027,pi
774,1.0,1.0,1.0,1.0,pi
775,1.0,1.0,1.0,1.0,pi
776,0.7499961778594868,0.7499961703798027,0.7499961778594868,0.7499961703798027,pi
777,0.7499923557628005,0.749992340803604,0.7499923557628005,0.8749932981683213,pi
778,1.0,1.0,1.0,1.0,pi
779,1.0,1.0,1.0,1.0,pi
780,0.7499961778594868,0.7499961703798027,0.7499961778594868,0.7499961703798027,pi
781,0.7499961778594868,0.7499961703798027,0.7499961778594868,0.7499961703798027,pi
782,1.0,1.0,1.0,1.0,pi
783,0.7916446898444638,0.7916446468381834,0.7916446898444638,0.7916446468381834,pi
784,0.7499961778594868,0.7499961703798027,0.7499961778594868,0.7499961703798027,pi
785,0.7499923557628005,0.749992340803604,0.8749933112577541,0.749992340803604,pi
786,0.7499923557628005,0.749992340803604,0.7499923557628005,0.8749932981683213,pi
787,0.8749933112577541,0.749992340803604,0.7499923557628005,0.749992340803604,pi
788,0.8749933112577541,0.749992340803604,0.7499923557628005,0.749992340803604,pi
789,0.7499961778594868,0.7499961703798027,0.7499961778594868,0.7499961703798027,pi
790,0.7499923557628005,0.749992340803604,0.8749933112577541,0.749992340803604,pi
791,0.7499847117009086,0.7499846817832025,0.8124856671301216,0.7499846817832025,pi
792,0.7499923557628005,0.749992340803604,0.7499923557628005,0.749992340803604,pi
793,1.0,1.0,1.0,1.0,pi
794,1.0,1.0,1.0,1.0,pi
795,1.0,1.0,1.0,1.0,pi
796,0.7499923557628005,0.749992340803604,0.7499923557628005,0.749992340803604,pi
797,0.7499923557628005,0.749992340803604,0.8749933112577541,0.749992340803604,pi
798,0.7499923557628005,0.749992340803604,0.8749933112577541,0.749992340803604,pi
799,1.0,1.0,1.0,1.0,pi
800,0.7499961778594868,0.7499961703798027,0.7499961778594868,0.7499961703798027,pi
801,0.7499961778594868,0.7499961703798027,0.7499961778594868,0.7499961703798027,pi
802,0.7499961778594868,0.7499961703798027,0.7499961778594868,0.7499961703798027,pi
803,1.0,1.0,1.0,1.0,pi
804,0.7499923557628005,0.749992340803604,0.8749933112577541,0.749992340803604,pi
805,0.7499923557628005,0.8749932981683213,0.7499923557628005,0.749992340803604,pi
806,1.0,1.0,1.0,1.0,pi
807,0.7499923557628005,0.8749932981683213,0.7499923557628005,0.749992340803604,pi
808,1.0,1.0,1.0,1.0,pi
809,0.7499961778594868,0.7499961703798027,0.7499961778594868,0.7499961703798027,pi
810,0.7499961778594868,0.7499961703798027,0.7499961778594868,0.7499961703798027,pi
811,0.7499923557628005,0.749992340803604,0.8749933112577541,0.749992340803604,pi
812,0.7499961778594868,0.7499961703798027,0.7499961778594868,0.7499961703798027,pi
813,0.8749933112577541,0.749992340803604,0.7499923557628005,0.749992340803604,pi
814,0.7499770678143253,0.7499770229387965,0.8749799340252665,0.7499770229387965,pi
815,0.7499961778594868,0.7499961703798027,0.7499961778594868,0.7499961703798027,pi
816,1.0,1.0,1.0,1.0,pi
817,0.7499961778594868,0.7499961703798027,0.7499961778594868,0.7499961703798027,pi
818,0.7499961778594868,0.7499961703798027,0.7499961778594868,0.7499961703798027,pi
819,0.8749933112577541,0.749992340803604,0.7499923557628005,0.749992340803604,pi
820,0.8749933112577541,0.749992340803604,0.7499923557628005,0.749992340803604,pi
821,0.8749933112577541,0.749992340803604,0.7499923557628005,0.749992340803604,pi
822,0.8749933112577541,0.749992340803604,0.7499923557628005,0.749992340803604,pi
823,0.8333228225053577,0.8333228019364555,0.8333228225053577,0.749988511271404,pi
824,1.0,1.0,1.0,1.0,pi
825,0.7499961778594868,0.7499961703798027,0.7499961778594868,0.7499961703798027,pi
826,1.0,1.0,1.0,1.0,pi
827,1.0,1.0,1.0,1.0,pi
828,0.7499961778594868,0.7499961703798027,0.7499961778594868,0.7499961703798027,pi
829,0.7499923557628005,0.749992340803604,0.7499923557628005,0.749992340803604,pi
830,0.7499961778594868,0.7499961703798027,0.7499961778594868,0.7499961703798027,pi
831,0.7499847117009086,0.7499846817832025,0.9374875781090724,0.7499846817832025,pi
832,0.7749627357990748,0.7749626628786942,0.8499656017360938,0.7749626628786942,pi
833,0.749988533709941,0.749988511271404,0.749988533709941,0.749988511271404,pi
834,0.7499961778594868,0.7499961703798027,0.7499961778594868,0.7499961703798027,pi
835,0.7499961778594868,0.7499961703798027,0.7499961778594868,0.7499961703798027,pi
836,0.7499961778594868,0.7499961703798027,0.7499961778594868,0.7499961703798027,pi
837,0.8749933112577541,0.749992340803604,0.7499923557628005,0.749992340803604,pi
838,0.7499923557628005,0.749992340803604,0.8749933112577541,0.749992340803604,pi
839,0.7499923557628005,0.749992340803604,0.7499923557628005,0.749992340803604,pi
840,1.0,1.0,1.0,1.0,pi
841,1.0,1.0,1.0,1.0,pi
842,0.7499847117009086,0.8124856390819216,0.7499847117009086,0.7499846817832025,pi
843,0.7499961778594868,0.7499961703798027,0.7499961778594868,0.7499961703798027,pi
844,0.7999818451320458,0.7999818096047198,0.7499808897357034,0.749980852339,pi
845,0.8499828005685632,0.749980852339,0.7499808897357034,0.749980852339,pi
846,0.7499961778594868,0.7499961703798027,0.7499961778594868,0.7499961703798027,pi
847,0.7499961778594868,0.7499961703798027,0.7499961778594868,0.7499961703798027,pi
848,0.8749933112577541,0.749992340803604,0.7499923557628005,0.749992340803604,pi
849,1.0,1.0,1.0,1.0,pi
850,1.0,1.0,1.0,1.0,pi
851,0.8333228225053577,0.8333228019364555,0.8333228225053577,0.749988511271404,pi
852,0.8749933112577541,0.749992340803604,0.7499923557628005,0.749992340803604,pi
853,1.0,1.0,1.0,1.0,pi
854,1.0,1.0,1.0,1.0,pi
855,0.7499961778594868,0.7499961703798027,0.7499961778594868,0.7499961703798027,pi
856,0.8124856671301216,0.7499846817832025,0.8124856671301216,0.7499846817832025,pi
857,0.7499923557628005,0.749992340803604,0.8749933112577541,0.749992340803604,pi
858,0.8749866225995095,0.7499846817832025,0.7499847117009086,0.7499846817832025,pi
859,1.0,1.0,1.0,1.0,pi
860,0.7499961778594868,0.7499961703798027,0.7499961778594868,0.7499961703798027,pi
861,0.7499961778594868,0.7499961703798027,0.7499961778594868,0.7499961703798027,pi
862,0.7499961778594868,0.7499961703798027,0.7499961778594868,0.7499961703798027,pi
863,1.0,1.0,1.0,1.0,pi
864,1.0,1.0,1.0,1.0,pi
865,0.8333228225053577,0.749988511271404,0.749988533709941,0.8333228019364555,pi
866,0.8333228225053577,0.749988511271404,0.749988533709941,0.749988511271404,pi
867,1.0,1.0,1.0,1.0,pi
868,0.7499961778594868,0.7499961703798027,0.7499961778594868,0.7499961703798027,pi
869,1.0,1.0,1.0,1.0,pi
870,0.7499961778594868,0.7499961703798027,0.7499961778594868,0.7499961703798027,pi
871,0.8749933112577541,0.749992340803604,0.7499923557628005,0.749992340803604,pi
872,0.8333228225053577,0.749988511271404,0.749988533709941,0.749988511271404,pi
873,1.0,1.0,1.0,1.0,pi
874,0.7499923557628005,0.749992340803604,0.7499923557628005,0.8749932981683213,pi
875,0.7499961778594868,0.7499961703798027,0.7499961778594868,0.7499961703798027,pi
876,0.8055851138325267,0.8003322685522065,0.8324606933477918,0.8000326910701924,no
877,0.8485601593167821,0.8386067393251546,0.8514703269088123,0.8342994054396584,no
878,0.8488867279761338,0.8319350315458552,0.8532940335518776,0.8397154144059077,no
879,0.8258022138370715,0.8064450780407065,0.8023240378186637,0.7947045581389287,no
880,1.0,1.0,1.0,1.0,no
881,0.7592326096069943,0.764669370028327,0.8245569144080387,0.8191066652891996,no
882,0.781672921490965,0.7655314372380697,0.7816727159835317,0.7736008316245352,no
883,0.7498393832419739,0.7498386999318636,0.7810944719643782,0.7810937350169705,no
884,1.0,1.0,1.0,1.0,no
885,0.7693420519143075,0.7708988720694074,0.769343117339631,0.763066425425133,no
886,1.0,1.0,1.0,1.0,no
887,1.0,1.0,1.0,1.0,no
888,1.0,1.0,1.0,1.0,no
889,0.7499811745216141,0.7499810912254,0.7499811716859981,0.7499810912254,no
890,0.7913124125461237,0.7496287972244016,0.749630572328815,0.7774168597888989,no
891,0.7651245266512078,0.7729903526007452,0.7808460823019668,0.7707524385875236,no
892,1.0,1.0,1.0,1.0,no
893,1.0,1.0,1.0,1.0,no
894,0.826703035602512,0.7497606268238627,0.7689969945778056,0.7497606268238627,no
895,1.0,1.0,1.0,1.0,no
896,0.7899385596639599,0.8002203794709418,0.7967964819319874,0.7693613981833693,no
897,0.7499672683829821,0.749967142012312,0.7499672812342394,0.749967142012312,no
898,0.7499616821536036,0.7499615103346178,0.7499616748109101,0.7499615103346178,no
899,1.0,1.0,1.0,1.0,no
900,0.7982820533905959,0.7920324215020503,0.8231770844186967,0.7909217536671838,no
901,0.7499838204719674,0.7499837587195481,0.7499838275368634,0.7499837587195481,no
902,0.8224801736418844,0.8204739580242771,0.8296102345484009,0.8140732582830235,no
903,1.0,1.0,1.0,1.0,no
904,1.0,1.0,1.0,1.0,no
905,0.7971720430035788,0.7740823968447796,0.7926760093350512,0.7752077340170042,no
906,0.7982407013003507,0.797456073919624,0.8060610237674153,0.7960342321160584,no
907,0.7673161494639881,0.7673136583011233,0.7583825071460144,0.7583801653856745,no
908,0.7764665642959488,0.7738580944157127,0.7971379037107685,0.774066747068897,no
909,0.7678726260623716,0.7775215190196523,0.7803885001263139,0.7722514615408334,no
910,0.8488867279761338,0.8319350315458552,0.8532940335518776,0.8397154144059077,no
911,0.7561342837404906,0.7628927852700923,0.8169832120820003,0.7628927852700923,no
912,1.0,1.0,1.0,1.0,no
913,0.7779026568593492,0.7707518031156593,0.7493114378489828,0.7564562571081976,no
914,0.8485601593167821,0.8386067393251546,0.8514703269088123,0.8342994054396584,no
915,1.0,1.0,1.0,1.0,no
916,0.7561342837404906,0.7628927852700923,0.8169832120820003,0.7628927852700923,no
917,0.8510267958256834,0.8368388741815069,0.8564685998601208,0.8363731583295867,no
918,0.7982407013003507,0.797456073919624,0.8060610237674153,0.7960342321160584,no
919,0.8485601593167821,0.8386067393251546,0.8514703269088123,0.8342994054396584,no
920,0.7561342837404906,0.7628927852700923,0.8169832120820003,0.7628927852700923,no
921,0.8488867279761338,0.8319350315458552,0.8532940335518776,0.8397154144059077,no
922,0.8432457166598897,0.8272599771018434,0.8465809802753174,0.833298491229755,no
923,0.7840332172747647,0.7747117612014159,0.8018777910596017,0.7718936640927092,no
924,0.8526791871493596,0.8403532505302322,0.8564909258649385,0.8385409047731329,no
925,0.7843084663594806,0.779058963208147,0.7966647674578254,0.77720744768162,no
926,1.0,1.0,1.0,1.0,no
927,0.8488867279761338,0.8319350315458552,0.8532940335518776,0.8397154144059077,no
928,0.7693420519143075,0.7708988720694074,0.769343117339631,0.763066425425133,no
929,0.7838557855138932,0.781418228895564,0.8051269143894201,0.7781406194892695,no
930,1.0,1.0,1.0,1.0,no
931,0.7899385596639599,0.8002203794709418,0.7967964819319874,0.7693613981833693,no
932,1.0,1.0,1.0,1.0,no
933,0.7499672683829821,0.749967142012312,0.7499672812342394,0.749967142012312,no
934,0.8485601593167821,0.8386067393251546,0.8514703269088123,0.8342994054396584,no
935,1.0,1.0,1.0,1.0,no
936,1.0,1.0,1.0,1.0,no
937,0.7998257955822871,0.7498158481271445,0.7498166315364652,0.7498158481271445,no
938,1.0,1.0,1.0,1.0,no
939,0.7693420519143075,0.7708988720694074,0.769343117339631,0.763066425425133,no
940,0.7498386185855153,0.7498379320231272,0.7810937350169705,0.7810929910524734,no
941,1.0,1.0,1.0,1.0,no
942,0.7499813389316702,0.7499812570871804,0.7499813368420233,0.7499812570871804,no
943,0.7779026568593492,0.7707518031156593,0.7493114378489828,0.7564562571081976,no
944,1.0,1.0,1.0,1.0,no
945,0.7496730023356196,0.8121920832973937,0.7496731626481525,0.7965619606341758,no
946,0.7497842126918548,0.8074882109103647,0.7690193183856904,0.7497834254029625,no
947,0.7499838204719674,0.7499837587195481,0.7499838275368634,0.7499837587195481,no
948,0.7673306296922383,0.7673282703922887,0.7583971881409757,0.7583949092902774,no
949,0.749912453492595,0.7999164847153287,0.7499124642214273,0.7499120917778846,no
950,0.7499672683829821,0.749967142012312,0.7499672812342394,0.749967142012312,no
951,0.8584655733781577,0.855720947375036,0.8602458208766184,0.8566110859838649,no
952,0.8440800587198634,0.8211189520020654,0.8465263428134656,0.8226450876776288,no
953,0.8485601593167821,0.8386067393251546,0.8514703269088123,0.8342994054396584,no
954,1.0,1.0,1.0,1.0,no
955,0.7716702768251364,0.7580146837558447,0.7534692828951064,0.77621610353116,no
956,0.8209797868769155,0.8210297610652935,0.8472465551600274,0.8230159119924565,no
957,1.0,1.0,1.0,1.0,no
958,0.7954025687189363,0.7798818897894945,0.8031446464608301,0.7810934831741361,no
959,0.749912453492595,0.7999164847153287,0.7499124642214273,0.7499120917778846,no
960,0.8674820593813012,0.8493565103653625,0.8433960336153417,0.8437968711089537,no
961,0.7907937737431928,0.7629872731170995,0.7537234547150151,0.7676211089453153,no
962,0.8011211131664022,0.7943862499274719,0.7974792941014952,0.7919583919671705,no
963,1.0,1.0,1.0,1.0,no
964,0.7499639399240305,0.749963786485235,0.7499639399240305,0.749963786485235,no
965,1.0,1.0,1.0,1.0,no
966,0.823684561817652,0.7866304921448675,0.8514742224994309,0.8051568099313142,no
967,0.7973392665161732,0.8000624593434755,0.788591102762078,0.794594132858815,no
968,1.0,1.0,1.0,1.0,no
969,0.7499820445833141,0.749981973049724,0.7499820542500167,0.749981973049724,no
970,0.7857286019601427,0.7922892841323605,0.8166800970411577,0.7830701510005775,no
971,0.7703532859002862,0.7703208071959486,0.7895189537736782,0.773388641393399,no
972,0.8031099444604919,0.7877954940242211,0.8541555029875241,0.7801387056717034,no
973,1.0,1.0,1.0,1.0,no
974,0.7498364275892577,0.749835571400542,0.7915099024295935,0.749835571400542,no
975,0.8248157747004192,0.7498000600020011,0.7748060211888728,0.7748050515512976,no
976,0.7997159399767714,0.749699828970159,0.766372963049939,0.749699828970159,no
977,0.7655223678106634,0.789727234364738,0.8300766502193545,0.7493797462935489,no
978,0.7499202361024095,0.7499197978919747,0.8124250814620315,0.7499197978919747,no
979,0.7912170706975115,0.7708323621172881,0.7907820222356288,0.7607085819965643,no
980,0.7498016463549394,0.7498007611124122,0.7748065983553076,0.7498007611124122,no
981,0.8000743354951352,0.7701423913594571,0.7825733698927738,0.7810831752446606,no
982,0.7774434575723584,0.7597476692816028,0.7661905517677999,0.7613551120378947,no
983,0.7915519746920452,0.7498798052889037,0.7498803565418015,0.7498798052889037,no
984,0.785816947232336,0.7610871045263198,0.7763360693388771,0.7630375331418812,no
985,0.7496826908621244,0.7653112436882845,0.7496826908621244,0.749681274981431,no
986,0.7871182434945666,0.7621066065273148,0.7746132981882091,0.7746115727509526,no
987,0.7499800671736447,0.74997997657261,0.7499800643920336,0.74997997657261,no
988,0.7970515814905093,0.7666050478740428,0.7736382674781171,0.7712877382586018,no
989,0.7856109206596646,0.7665126657720747,0.8199851038876416,0.7856094511032856,no
990,1.0,1.0,1.0,1.0,no
991,0.7499800691600345,0.7499799789779469,0.7499800671736447,0.7499799789779469,no
992,0.7499943839313048,0.7499943704312535,0.7499943835843408,0.7499943704312535,no
993,1.0,1.0,1.0,1.0,no
994,0.815822459485871,0.8011099075538795,0.8967356173519865,0.8011099075538795,no
995,0.8368875767287641,0.8213405132996261,0.8312279103506901,0.8263583304758799,no
996,1.0,1.0,1.0,1.0,no
997,0.7564503185332146,0.7635949531757946,0.7850413829899574,0.7492992791188127,no
998,0.8237189196860384,0.7980299780921942,0.8505207570227769,0.7977242712646817,no
999,1.0,1.0,1.0,1.0,no
1000,1.0,1.0,1.0,1.0,no
1001,1.0,1.0,1.0,1.0,no
1002,0.8323603419790309,0.7901191072324842,0.8332007328466104,0.789698936140532,no
1003,0.9744511406576258,0.7490326693640631,0.7490311805288832,0.7490326693640631,no
1004,0.7575911790945347,0.7559464264871665,0.9373176936588739,0.7559464264871665,no
1005,0.7820854175662459,0.7752209043244503,0.7713325860410747,0.7869515702213623,no
1006,1.0,1.0,1.0,1.0,no
1007,0.8140086897619547,0.7777195263703472,0.7771985831058454,0.7787923933297306,no
1008,0.787001654676892,0.778797663877706,0.7870008520904972,0.779964444140126,no
1009,0.7865512358491333,0.7811361965091443,0.7857966706631171,0.7738533507943293,no
1010,0.7881221522079442,0.7824216872559595,0.8026051791739346,0.7893483886198617,no
1011,0.8143433587740163,0.783876049830385,0.817471869189851,0.7800889671078788,no
1012,0.8258537272980417,0.7802132206272964,0.7797710917903066,0.7672746561722721,no
1013,0.7775424051759425,0.7829579195205272,0.7878376044192879,0.7805352651317206,no
1014,0.749942154736565,0.7499418655354737,0.7499422015437017,0.7499418655354737,no
1015,0.7989190397973747,0.7694177973355109,0.7841742314536272,0.7896920648154863,no
1016,0.7870205857083852,0.7677187922514689,0.7854766640412909,0.7674081619396316,no
1017,0.7876305016835677,0.777139048928105,0.7847752729128515,0.7723802977819477,no
1018,0.8435658382669962,0.8176906931748196,0.855091333553498,0.817313663356269,no
1019,0.7902919532521552,0.7799337869631604,0.8005983842366005,0.7942040614230534,no
1020,0.7967024062569139,0.7758535078532085,0.8308163603096687,0.7834343921206667,no
1021,0.890314184639033,0.8652341453995209,0.9016660773371872,0.8653607203121373,no
1022,0.8404060667926374,0.8245024716798804,0.8782766627853009,0.8232077144823746,no
1023,0.796020408670555,0.7828789608002024,0.7955627528240319,0.7770752473934269,no
1024,0.7932481509849111,0.7870475248640646,0.8257426406332586,0.7881680171652875,no
1025,0.7973083650823687,0.7772520320415174,0.8369803618977539,0.7784200664700696,no
1026,0.7822132310207239,0.7726523095550053,0.7822258967093305,0.7836254644388257,no
1027,1.0,1.0,1.0,1.0,no
1028,0.7880183689410462,0.7746180424427913,0.7966065440116531,0.7779470708371489,no
1029,0.7741385281245343,0.7677524238048384,0.7805077664316004,0.7703001465161256,no
1030,0.7743935162080797,0.7798751225661411,0.7823611255211953,0.7786491754585407,no
1031,0.7854250356759545,0.7864635167829301,0.7883432200547049,0.7762942867732306,no
1032,0.7913824900792474,0.7733607873680426,0.7905279300310314,0.775075422779341,no
1033,0.7895486484106317,0.7718238521928823,0.7895486484106317,0.7789042371023096,no
1034,0.7878026679337509,0.7891554825062106,0.8030163896863611,0.7905385705235735,no
1035,0.843333286215171,0.8172521207832457,0.8546718411019654,0.8160028168242129,no
1036,0.8334213166027281,0.8083012824305099,0.8458109848982833,0.8035812102648447,no
1037,0.8134126808421738,0.7903523232797713,0.8150031820622041,0.7855820045757711,no
1038,0.7982733589508033,0.7929796677904432,0.7958536389806359,0.7897533493488931,no
1039,1.0,1.0,1.0,1.0,no
1040,0.871231470050841,0.8497248793335723,0.8797205803615764,0.8528309912384588,no
1041,0.7636623196583717,0.7623327755510363,0.9045699308808124,0.7583502715856143,no
1042,0.7818642031073341,0.7675280460693953,0.7942772327245361,0.763709426533013,no
1043,0.8460673270813333,0.8195572629007879,0.8697429033551293,0.8277790955004958,no
1044,0.7498364275892577,0.749835571400542,0.7915099024295935,0.749835571400542,no
1045,0.7891187684207066,0.7802651134487947,0.7832307211696382,0.7675075892355829,no
1046,0.7743995295922153,0.7804431320525538,0.7748025186863761,0.779630151136942,no
1047,0.8148048956503188,0.8032933544758388,0.8399136951258526,0.7906155790925432,no
1048,0.8072916009995017,0.7785091210320599,0.8119587990445232,0.7808425164865658,no
1049,0.749482803553095,0.7687204469087012,0.7975832122592668,0.7494797089895716,no
1050,0.7499202361024095,0.7499197978919747,0.7499200895010363,0.7499197978919747,no
1051,0.7487862794469047,0.756987398075687,0.8062322793781099,0.7610907124363022,no
1052,0.791228720273106,0.7688585613135281,0.7994303607325998,0.7776619674629384,no
1053,1.0,1.0,1.0,1.0,no
1054,0.7498802036580883,0.7498796413355275,0.8748951257003841,0.7498796413355275,no
1055,0.7634948568380123,0.7648962367444648,0.7620765559273787,0.7804865376173561,no
1056,0.7712120255337633,0.7653978537768111,0.8002123229035747,0.7668478124919669,no
1057,0.7915525958504578,0.7915520866796674,0.7915525958504578,0.7498804423675302,no
1058,0.7706002733611301,0.7705992332509213,0.7497619897992948,0.7705992332509213,no
1059,0.749830230050538,0.7498394605979237,0.8212337388446156,0.7498394605979237,no
1060,0.8064066773824514,0.7722990322606028,0.8064066773824514,0.7609304314613293,no
1061,0.7741189402563803,0.7710327292090396,0.7810002944349792,0.7756203821809927,no
1062,0.7908678394319909,0.7726914846044969,0.7763362087350865,0.7636091557318652,no
1063,0.8445899517617271,0.8173461854611456,0.8402655647214463,0.8164917044351018,no
1064,0.8048282638165984,0.7844699604236878,0.877534009264579,0.801919279792317,no
1065,0.7499800691600345,0.7499799789779469,0.7499800671736447,0.7499799789779469,no
1066,0.7776035157133799,0.7498200486014588,0.7776036890679865,0.7776028188286752,no
1067,0.7746120055521801,0.7495997039413721,0.7746109838311066,0.7621046931504841,no
1068,0.7758218810885902,0.7606748310358582,0.7851963631004117,0.7598721441305489,no
1069,0.833305575309914,0.7499696708530014,0.7708036830454472,0.7499696708530014,no
1070,0.7498203216388033,0.7498194783069807,0.8609513118629283,0.7498194783069807,no
1071,0.7634694418035778,0.7634569089618202,0.7706823808994625,0.7652603652755454,no
1072,0.7948275465088624,0.7796635737452188,0.779666752430679,0.756921381889353,no
1073,0.7799312334747093,0.7904420128807863,0.7781582742106892,0.7929219356116924,no
1074,0.749641255720946,0.7496398272339675,0.7774293351014256,0.7496398272339675,no
1075,1.0,1.0,1.0,1.0,no
1076,0.8122768437332606,0.8122758477601011,0.8122768437332606,0.7497609276350972,no
1077,0.7861759947841955,0.7658522488881417,0.7748903453844151,0.7568236809591087,no
1078,0.8149581859417142,0.8022207263705515,0.8118245339862874,0.800402742639444,no
1079,1.0,1.0,1.0,1.0,no
1080,0.7499601395118675,0.7499599591585021,0.8749651176532112,0.7499599591585021,no
1081,0.7497013291522436,0.7497001350067551,0.7997165163759394,0.7497001350067551,no
1082,0.8272879220487472,0.7927930801560953,0.8704054509818638,0.7841695999182738,no
1083,0.8501835106288392,0.8174260918687865,0.8431973418361017,0.8195967497605667,no
1084,0.756024403675917,0.7492592825216358,0.7830710475238616,0.7627827521891507,no
1085,0.7827583703680271,0.7827558055147286,0.8077731894518109,0.7660792210035177,no
1086,1.0,1.0,1.0,1.0,no
1087,0.7499914764131057,0.7499914458630071,0.7499914662297392,0.7499914458630071,no
1088,1.0,1.0,1.0,1.0,no
1089,0.8205270917837941,0.7870345948754666,0.831222605918114,0.7919171470708803,no
1090,0.8457595060431562,0.8219737562698133,0.8683956191284882,0.8188797505291652,no
1091,1.0,1.0,1.0,1.0,no
1092,0.7499807093183817,0.749980665774088,0.8124819127500087,0.749980665774088,no
1093,1.0,1.0,1.0,1.0,no
1094,0.811009790201409,0.7859013041097639,0.813857336644809,0.7866773204113652,no
1095,0.791593354474387,0.7786819622169481,0.8044964117396485,0.7805249883621304,no
1096,0.7499800006000019,0.749979920283546,0.7499800201796385,0.749979920283546,no
1097,0.7497008228044862,0.749699654670596,0.7663728226246505,0.749699654670596,no
1098,0.7643448741240593,0.769447440783137,0.7643445867854078,0.764340429979121,no
1099,0.7742270023172967,0.7929884132142354,0.8055016618960742,0.7804785066954985,no
1100,1.0,1.0,1.0,1.0,no
1101,0.8124680373301727,0.7499657847691901,0.7499658662298538,0.7499657847691901,no
1102,1.0,1.0,1.0,1.0,no
1103,1.0,1.0,1.0,1.0,no
1104,1.0,1.0,1.0,1.0,no
1105,1.0,1.0,1.0,1.0,no
1106,0.7713455083095407,0.7713414543634962,0.7991478020435716,0.7490993443521439,no
1107,0.8180705879147039,0.8005433680527062,0.812229681298225,0.803656313230973,no
1108,1.0,1.0,1.0,1.0,no
1109,0.7499914764131057,0.7499914458630071,0.7499914662297392,0.7499914458630071,no
1110,0.7894051311888779,0.7870301873722783,0.8023689214113494,0.7787804410126316,no
1111,0.8286322489681309,0.7970877551576536,0.8414646881185979,0.7928716872645342,no
1112,0.8312394684922654,0.8055814721375397,0.8568906951425017,0.8108163533472612,no
1113,0.7598612926212284,0.7553037532589402,0.9417531678867046,0.7537734588306069,no
1114,1.0,1.0,1.0,1.0,no
1115,0.7936940517586578,0.7869891576357464,0.8215299046452404,0.7816882475336462,no
1116,0.7951508344189652,0.7815761402094862,0.8171086665483123,0.7898405785039628,no
1117,0.791889410094086,0.7856112209746227,0.811022839129748,0.7923304856559357,no
1118,0.795807076961146,0.7831471797257392,0.8158619280682748,0.7878569912181619,no
1119,0.7905988320207157,0.7949838418067889,0.8004374182695619,0.7895719694083273,no
1120,0.7954208371003801,0.7920976224907141,0.8234942672661573,0.7987032003857445,no
1121,1.0,1.0,1.0,1.0,no
1122,0.823516648918971,0.7880560745556883,0.8279652726817475,0.7867080473872007,no
1123,0.8114760031429913,0.7896621477855096,0.8103131374766779,0.7927709254871096,no
1124,0.8185779766804834,0.7887036282712726,0.7974870875362079,0.7951053914555061,no
1125,0.7845573386046274,0.7850579580758851,0.7937363785322888,0.7877579991170252,no
1126,0.8753701058648217,0.858633438523453,0.8805239474461296,0.8604492771140339,no
1127,0.7499132358699254,0.749912802106034,0.749913306074539,0.749912802106034,no
1128,0.8621930058858336,0.8502593373027649,0.8874273089225452,0.8451193203334906,no
1129,0.7942781999808952,0.779662117046418,0.8030306904995054,0.7869558299523042,no
1130,0.7758034323250794,0.7788108366386577,0.803419995349999,0.7886982186100618,no
1131,0.7941841903552926,0.7863332713043509,0.7818454827145568,0.7842368975896157,no
1132,0.8079709126144512,0.7924428486687886,0.8263176259637145,0.7797415964947014,no
1133,0.8515646481782837,0.830852233142128,0.8668634825310975,0.8343861528493834,no
1134,0.7710983986421811,0.7699293508870739,0.9254901475398063,0.7640956431066906,no
1135,0.8266842275048399,0.790529036378181,0.8299580890737679,0.7908018503516975,no
1136,0.7825278918907834,0.788607291112253,0.779517468032248,0.7889612886301766,no
1137,0.8022683639142617,0.8003102559975759,0.8235376349290157,0.7921142162351065,no
1138,0.7986946853561737,0.7954231221098916,0.8433997724319297,0.7963448229111766,no
1139,0.808795715255245,0.8003590647269712,0.8233198790417047,0.8003590647269712,no
1140,0.7856373103513992,0.7850579580758851,0.7985964583024409,0.7861379711611871,no
1141,0.7986266648214824,0.799201742552586,0.7973390669381502,0.7977742894154851,no
1142,0.8216690293037134,0.8005554895180245,0.8307738706619235,0.8040456286565633,no
1143,0.7499710761132686,0.7499709315001413,0.7499710995188674,0.7499709315001413,no
1144,0.7881134116658476,0.7847756557039298,0.8199134147378974,0.7850474095752671,no
1145,0.798525169226781,0.7846421728424815,0.8034823096687541,0.7893313864818988,no
1146,0.7963341801775365,0.7950317866631453,0.8305662893793797,0.793817779875672,no
1147,0.8033809029652674,0.7835596057785358,0.8076671806409585,0.7831730014595994,no
1148,0.7828978310939088,0.7919360289482764,0.8051486414908728,0.7868425077162338,no
1149,0.7982451266755453,0.8005954060820982,0.8257120434814953,0.7952229482998536,no
1150,0.7866052930139558,0.7880772642794993,0.7972019604347449,0.7830307398551775,no
1151,0.7737942594836682,0.7784984285016945,0.7691216721857188,0.774182688409805,no
1152,0.7937246387583086,0.7680162297930957,0.7945303615266962,0.7768468630480466,no
1153,0.8567141771485957,0.8402244483829309,0.8791514736983205,0.8393939863169166,no
1154,0.7847765485511218,0.7878313922413258,0.79039401027138,0.7868943608818655,no
1155,0.7756815386524138,0.7687746107899944,0.7787239013599065,0.7658670566560596,no
1156,0.845509060862283,0.8208310225363264,0.8580884390525285,0.8166941979791056,no
1157,0.7962767185697743,0.8004941129204498,0.8130649320053431,0.8008232983910593,no
1158,0.8748459582627639,0.8563203347483908,0.8816440346809634,0.8544581355624343,no
1159,0.8609876173007698,0.8380380325693171,0.8744034130436604,0.8408489295177981,no
1160,0.7878850977357583,0.7794868904830301,0.8046442161929982,0.7741554534208306,no
1161,0.7961141116093823,0.7892258281050624,0.805262006126131,0.7884635003268545,no
1162,0.7860852153019185,0.7876107178922143,0.7825772109761552,0.7853809437816868,no
1163,0.9013739325030312,0.7844199094811876,0.8102837615969996,0.7875835079523126,no
1164,0.8089052134630077,0.7871120470138769,0.8281486857724457,0.7843036048334759,no
1165,0.7937978578224328,0.7703476784988961,0.7586472934817127,0.7750347159160021,no
1166,0.8007614054101162,0.7703675798963872,0.7984553008357195,0.7724730506130724,no
1167,0.7498214764044854,0.7498206796386486,0.7776042070685414,0.7498206796386486,no
1168,0.7671994709848546,0.7741136679162293,0.7630402528140379,0.769955420280199,no
1169,0.749840510376974,0.7810948735540337,0.8123506236015053,0.7498398751128497,no
1170,0.8209327616198536,0.8007656650341256,0.8090115653466591,0.8030904136216793,no
1171,0.7854451766009448,0.767581967840465,0.7675833431893239,0.7497198319541707,no
1172,0.7499661057163682,0.7499659336729598,0.7499661607702777,0.7499659336729598,no
1173,0.7840941629705631,0.7562428954425664,0.7798109108350673,0.7669510806507214,no
1174,0.7499601871206913,0.7499599487345405,0.7499600822307639,0.7499599487345405,no
1175,0.7599864820326957,0.7672036620078595,0.7912999296321835,0.7623861755175567,no
1176,1.0,1.0,1.0,1.0,no
1177,1.0,1.0,1.0,1.0,no
1178,0.7499800572357533,0.7499799476634217,0.7499800205788238,0.7499799476634217,no
1179,0.8749690876309155,0.749964616263487,0.7499646724251715,0.749964616263487,no
1180,0.7499206443689836,0.7499202901451428,0.7499206443689836,0.7499202901451428,no
1181,1.0,1.0,1.0,1.0,no
1182,0.7498803255188871,0.7498798052889037,0.7498803565418015,0.7498798052889037,no
1183,0.7763250537941516,0.7718586073619664,0.7941361724690438,0.7688902706540754,no
1184,0.7653126375467059,0.780941213487734,0.7965725341645635,0.780941213487734,no
1185,1.0,1.0,1.0,1.0,no
1186,0.7881070338434224,0.7614542384489538,0.7721202470480537,0.7667831972823456,no
1187,0.7980660263341702,0.7779799787081174,0.7910041995216748,0.7776081650833038,no
1188,0.7990201502396359,0.7990193370615472,0.8484933483770523,0.7797798679759385,no
1189,0.8082889653067039,0.7857203646732605,0.8135544450475314,0.7819596069620617,no
1190,0.7893013672285074,0.7709280333711012,0.7546313844337103,0.7688884721090645,no
1191,0.7980637785080167,0.7764761202383634,0.8065003626204652,0.778330764679185,no
1192,0.8387416774834682,0.8246021348964233,0.8335301722019263,0.823969989442794,no
1193,0.8266837480586346,0.7497396329265296,0.7497408268061877,0.768975399982047,no
1194,0.7838702885176956,0.7824433679623491,0.7821792635230654,0.7602443096888026,no
1195,0.7896649938008445,0.7885828692136443,0.7893002098060273,0.786855508581906,no
1196,1.0,1.0,1.0,1.0,no
1197,0.7499800929658692,0.7499799737656531,0.7499800405177688,0.7499799737656531,no
1198,0.8134696671167492,0.774562584203258,0.8551552572743164,0.7912367071977475,no
1199,0.749988767957232,0.7499887409575852,0.7499887672633158,0.7499887409575852,no
1200,0.7499800572357533,0.7499799476634217,0.7499800205788238,0.7499799476634217,no
1201,0.759165876945277,0.7591595375346856,0.794426242643759,0.7662116837140499,no
1202,1.0,1.0,1.0,1.0,no
1203,0.7499003100382663,0.7498999129267514,0.7999053894482793,0.7498999129267514,no
1204,0.7822616725193977,0.7659219383832118,0.7941361724690438,0.7733427773797512,no
1205,0.7497223379683251,0.7497210989247383,0.7675844292820411,0.7497210989247383,no
1206,0.8434455643857943,0.8240598373699899,0.847605177043677,0.8255878884570979,no
1207,0.7929623421802332,0.7682665534503134,0.7720755121959472,0.7663677382057125,no
1208,0.8015037975585382,0.7915969370765057,0.8535103945745831,0.7816909777347572,no
1209,0.7499601395118675,0.7499599591585021,0.7499601355393253,0.7499599591585021,no
1210,0.7849259166042772,0.7798061392690203,0.7755859253690665,0.7730111883716084,no
1211,0.7499800006000019,0.749979920283546,0.7499800201796385,0.749979920283546,no
1212,0.756024403675917,0.7627827521891507,0.7830710475238616,0.7492592825216358,no
1213,0.7499913571070524,0.7499913330993287,0.7499913465989987,0.7499913330993287,no
1214,0.826972751185187,0.7933713600942575,0.8352664202307416,0.7908833914797238,no
1215,0.8315137807399507,0.8110610347401248,0.8535740417709395,0.8035283519006431,no
1216,0.7980143327069864,0.7875189012034668,0.7973639411695825,0.7816322375669036,no
1217,0.8275605097292795,0.8188247108656861,0.820598664525539,0.8142546558082732,no
1218,1.0,1.0,1.0,1.0,no
1219,0.7839133185829814,0.7726185017243861,0.7929428213432336,0.7793899838998646,no
1220,0.9809631233683873,0.748854867926608,0.7488534676447312,0.748854867926608,no
1221,0.7976257590631873,0.7845616933148327,0.803061065286621,0.7910841099492883,no
1222,1.0,1.0,1.0,1.0,no
1223,0.7499800006000019,0.749979920283546,0.7499800201796385,0.749979920283546,no
1224,0.8078722203243954,0.8029610679969585,0.8274997846278056,0.8029610679969585,no
1225,0.9869142534345949,0.7490056079054983,0.7490057428902609,0.7490056079054983,no
1226,1.0,1.0,1.0,1.0,no
1227,0.864250376092142,0.8363507012620078,0.8802066574713872,0.8389867987780288,no
1228,1.0,1.0,1.0,1.0,no
1229,0.8454859310563274,0.8126161749760599,0.8450577629514678,0.8100472777530928,no
1230,0.8141055470213527,0.8049182966102829,0.8186807338049974,0.802040870589896,no
1231,0.8653555955793073,0.7499671435486612,0.749967195699192,0.7499671435486612,no
1232,0.9278181858611302,0.7991269631614105,0.8105103418122224,0.7951692230855744,no
1233,0.8783266629664092,0.852342110767274,0.8848675790353033,0.8588724513777592,no
1234,0.8193736876852535,0.8015065715758168,0.8267576053048358,0.8036474648839562,no
1235,0.7956383471121775,0.7911309215943825,0.8031041703220168,0.7851582332184761,no
1236,0.8241347055828372,0.803562450825499,0.835011531209852,0.8047709769932453,no
1237,0.8339058491702511,0.8172712243260012,0.82939988100051,0.8141355854512791,no
1238,0.8254466978985778,0.8221070169389959,0.8597466589271632,0.818093531384535,no
1239,0.8515121390060253,0.8203033138896088,0.8472179251843697,0.8305837886244927,no
1240,0.8089765287925381,0.7917543630149998,0.8135595997314001,0.7923272298877575,no
1241,0.8322316344428898,0.8024515348960586,0.8496688186163672,0.8163917474771156,no
1242,0.8016353043609513,0.780087029950306,0.7978430622914936,0.7902128948562358,no
1243,0.8128852468974185,0.790664454361201,0.8204823371692236,0.790664454361201,no
1244,0.7986586983520364,0.7971888056495353,0.7980961072290251,0.7999775131207852,no
1245,0.8612514099821016,0.835737822929861,0.8683325979471384,0.8369359970092015,no
1246,0.9065486392486765,0.803294572745967,0.8277927640507526,0.8010847150468722,no
1247,0.8715816741700999,0.8445789118908911,0.8805547291075919,0.8442871320376619,no
1248,0.7499800512682606,0.7499799589157976,0.7499800452971953,0.7499799589157976,no
1249,0.7498413076351651,0.7498405993565882,0.7498413076351651,0.7498405993565882,no
1250,0.7708750974945549,0.7708578889598015,0.7643731322494576,0.77475847456725,no
1251,0.7748055453355334,0.7748047001044476,0.7498006181037684,0.7497996995694279,no
1252,0.7663741280618744,0.7663728226246505,0.799717359785014,0.7663728226246505,no
1253,0.7805645438581796,0.779530751444446,0.7856287710859539,0.7744664544278286,no
1254,0.7499800929658692,0.7499799737656531,0.7499800405177688,0.7499799737656531,no
1255,1.0,1.0,1.0,1.0,no
1256,0.7748058280337738,0.7498000600020011,0.7498010544313171,0.7498000600020011,no
1257,0.8011766940592706,0.7580461687475717,0.7925515934920091,0.7925488361479107,no
1258,0.756681716214814,0.7566777008648078,0.8155431989784927,0.7861093828840384,no
1259,1.0,1.0,1.0,1.0,no
1260,0.7922056364291068,0.777675880324596,0.7958632189012467,0.7791180603912549,no
1261,1.0,1.0,1.0,1.0,no
1262,0.7999589856463547,0.7855392745006369,0.7934229821251391,0.7783443946793956,no
1263,0.7498803756248328,0.7498798991195895,0.7915521414509958,0.7498798991195895,no
1264,0.8212989196959918,0.7498597770523984,0.7498604201421942,0.7498597770523984,no
1265,0.7776322381955015,0.7647560812181673,0.7969436741692335,0.7589721445548896,no
1266,0.7705991025840208,0.7497598415300439,0.7705993451351429,0.7497598415300439,no
1267,0.7761310387997992,0.7776021868496544,0.8297702045829725,0.7498193986120648,no
1268,0.7871182434945666,0.7996215084761822,0.8121281373561055,0.7746115727509526,no
1269,0.7745077654563581,0.7820323459595047,0.7658858464265518,0.7744879656326135,no
1270,1.0,1.0,1.0,1.0,no
